{
  "node": "eval",
  "status": "completed",
  "macro_f1": 0.9446709870328914,
  "val/macro_f1": 0.9446709870328914,
  "val/loss": 0.15652992576360703,
  "selection/overfit_gap": 0.01332765854843343,
  "n_val": 314
}