{"train/loss": 0.766317015548922, "val/loss": 0.1549594790807792, "val/macro_f1": 0.952486412541132, "train/lr": 3.985215271097539e-06, "_timestamp": 1772499139.4144194, "_runtime": 213.60534238815308, "_step": 10, "train/best_epoch": 7.0, "train/best_val_macro_f1": 0.956290580575726, "train/stop_epoch": 9.0, "train/early_stopped": 1.0, "train/resumed": 0.0, "train/elapsed_sec": 208.4181098039844, "selection/val_macro_f1": 0.9014365875772281, "selection/val_loss": 0.3956394749028342, "selection/fold_index": 1.0, "selection/score_proxy": 0.8561263966791808, "tune/val_macro_f1": 0.9014365875772281, "tune/val_loss": 0.3956394749028342, "selection/best_val_macro_f1": 0.956290580575726, "tune/best_val_macro_f1": 0.956290580575726, "selection/overfit_gap": 0.054853992998497914, "tune/overfit_gap": 0.054853992998497914, "selection/generalization_ratio": 0.942638781440811, "selection/best_epoch": 7.0, "selection/stop_epoch": 9.0, "selection/early_stopped": 1.0, "tune/status/train": 1.0, "tune/status/eval": 1.0, "tune/best_epoch": 7.0, "tune/start_epoch": 0.0, "tune/stop_epoch": 9.0, "tune/epochs_planned": 10.0, "tune/train_loss_last": 0.766317015548922, "tune/train_elapsed_sec": 208.4181098039844, "tune/early_stopped": 1.0, "tune/resumed": 0.0, "tune/epoch_utilization": 0.9, "tune/fold_index": 1.0, "_wandb": {"runtime": 216}}