{"train/loss": 0.0668230548255005, "val/loss": 0.13018445517601712, "val/macro_f1": 0.9414142597708671, "train/lr": 4.190441520548695e-05, "_timestamp": 1772497522.1804204, "_runtime": 145.40770149230957, "_step": 7, "train/best_epoch": 4.0, "train/best_val_macro_f1": 0.9427962771643272, "train/stop_epoch": 6.0, "train/early_stopped": 1.0, "train/resumed": 0.0, "train/elapsed_sec": 139.28461206698557, "selection/val_macro_f1": 0.9489126911083077, "selection/val_loss": 0.16755439953080245, "selection/fold_index": 1.0, "selection/score_proxy": 0.9489126911083077, "tune/val_macro_f1": 0.9489126911083077, "tune/val_loss": 0.16755439953080245, "selection/best_val_macro_f1": 0.9427962771643272, "tune/best_val_macro_f1": 0.9427962771643272, "selection/overfit_gap": -0.006116413943980437, "tune/overfit_gap": -0.006116413943980437, "selection/generalization_ratio": 1.0064875244972085, "selection/best_epoch": 4.0, "selection/stop_epoch": 6.0, "selection/early_stopped": 1.0, "tune/status/train": 1.0, "tune/status/eval": 1.0, "tune/best_epoch": 4.0, "tune/start_epoch": 0.0, "tune/stop_epoch": 6.0, "tune/epochs_planned": 10.0, "tune/train_loss_last": 0.0668230548255005, "tune/train_elapsed_sec": 139.28461206698557, "tune/early_stopped": 1.0, "tune/resumed": 0.0, "tune/epoch_utilization": 0.6, "tune/fold_index": 1.0, "_wandb": {"runtime": 148}}