{"train/loss": 0.012815877672214553, "val/loss": 0.18738317742411578, "val/macro_f1": 0.9354000857373963, "train/lr": 3.985215271097539e-06, "_timestamp": 1772497369.1025217, "_runtime": 214.653258562088, "_step": 10, "train/best_epoch": 7.0, "train/best_val_macro_f1": 0.9405588812480417, "train/stop_epoch": 9.0, "train/early_stopped": 1.0, "train/resumed": 0.0, "train/elapsed_sec": 208.65335558797233, "selection/val_macro_f1": 0.9343146059493047, "selection/val_loss": 0.20496259203978948, "selection/fold_index": 0.0, "selection/score_proxy": 0.9343146059493047, "tune/val_macro_f1": 0.9343146059493047, "tune/val_loss": 0.20496259203978948, "selection/best_val_macro_f1": 0.9405588812480417, "tune/best_val_macro_f1": 0.9405588812480417, "selection/overfit_gap": 0.006244275298736945, "tune/overfit_gap": 0.006244275298736945, "selection/generalization_ratio": 0.9933611011248425, "selection/best_epoch": 7.0, "selection/stop_epoch": 9.0, "selection/early_stopped": 1.0, "tune/status/train": 1.0, "tune/status/eval": 1.0, "tune/best_epoch": 7.0, "tune/start_epoch": 0.0, "tune/stop_epoch": 9.0, "tune/epochs_planned": 10.0, "tune/train_loss_last": 0.012815877672214553, "tune/train_elapsed_sec": 208.65335558797233, "tune/early_stopped": 1.0, "tune/resumed": 0.0, "tune/epoch_utilization": 0.9, "tune/fold_index": 0.0, "_wandb": {"runtime": 216}}