{"train/loss": 0.05795885518825841, "val/loss": 0.17070857625055527, "val/macro_f1": 0.9441310396421075, "train/lr": 5.4299692540483e-05, "_timestamp": 1772504162.955095, "_runtime": 145.20955395698547, "_step": 7, "train/best_epoch": 4.0, "train/best_val_macro_f1": 0.9579986455813249, "train/stop_epoch": 6.0, "train/early_stopped": 1.0, "train/resumed": 0.0, "train/elapsed_sec": 139.39035498094745, "selection/val_macro_f1": 0.9446709870328914, "selection/val_loss": 0.15652992576360703, "selection/fold_index": 1.0, "selection/score_proxy": 0.9446709870328914, "tune/val_macro_f1": 0.9446709870328914, "tune/val_loss": 0.15652992576360703, "selection/best_val_macro_f1": 0.9579986455813249, "tune/best_val_macro_f1": 0.9579986455813249, "selection/overfit_gap": 0.01332765854843343, "tune/overfit_gap": 0.01332765854843343, "selection/generalization_ratio": 0.9860880194247602, "selection/best_epoch": 4.0, "selection/stop_epoch": 6.0, "selection/early_stopped": 1.0, "tune/status/train": 1.0, "tune/status/eval": 1.0, "tune/best_epoch": 4.0, "tune/start_epoch": 0.0, "tune/stop_epoch": 6.0, "tune/epochs_planned": 10.0, "tune/train_loss_last": 0.05795885518825841, "tune/train_elapsed_sec": 139.39035498094745, "tune/early_stopped": 1.0, "tune/resumed": 0.0, "tune/epoch_utilization": 0.6, "tune/fold_index": 1.0, "_wandb": {"runtime": 147}}