{"train/loss": 0.022963412670541625, "val/loss": 0.15086941188201308, "val/macro_f1": 0.9464522789051235, "train/lr": 0.00013, "_timestamp": 1772507951.8693867, "_runtime": 168.213125705719, "_step": 8, "train/best_epoch": 5.0, "train/best_val_macro_f1": 0.9689038253639028, "train/stop_epoch": 7.0, "train/early_stopped": 1.0, "train/resumed": 0.0, "train/elapsed_sec": 162.7524208300165, "selection/val_macro_f1": 0.9410375944513847, "selection/val_loss": 0.16459370697183268, "selection/fold_index": 1.0, "selection/score_proxy": 0.9308114942651111, "tune/val_macro_f1": 0.9410375944513847, "tune/val_loss": 0.16459370697183268, "selection/best_val_macro_f1": 0.9689038253639028, "tune/best_val_macro_f1": 0.9689038253639028, "selection/overfit_gap": 0.027866230912518164, "tune/overfit_gap": 0.027866230912518164, "selection/generalization_ratio": 0.9712394252318571, "selection/best_epoch": 5.0, "selection/stop_epoch": 7.0, "selection/early_stopped": 1.0, "tune/status/train": 1.0, "tune/status/eval": 1.0, "tune/best_epoch": 5.0, "tune/start_epoch": 0.0, "tune/stop_epoch": 7.0, "tune/epochs_planned": 10.0, "tune/train_loss_last": 0.022963412670541625, "tune/train_elapsed_sec": 162.7524208300165, "tune/early_stopped": 1.0, "tune/resumed": 0.0, "tune/epoch_utilization": 0.7, "tune/fold_index": 1.0, "_wandb": {"runtime": 170}}