{"train/loss": 0.6486033001598323, "val/loss": 0.21703521588018962, "val/macro_f1": 0.9287237136993118, "train/lr": 0.00013, "_timestamp": 1772509610.4884112, "_runtime": 238.5338273048401, "_step": 11, "train/best_epoch": 9.0, "train/best_val_macro_f1": 0.9643920970765019, "train/stop_epoch": 10.0, "train/early_stopped": 0.0, "train/resumed": 0.0, "train/elapsed_sec": 232.74280983197968, "selection/val_macro_f1": 0.9175763952139887, "selection/val_loss": 0.36924415294613155, "selection/fold_index": 0.0, "selection/score_proxy": 0.8827159827927216, "tune/val_macro_f1": 0.9175763952139887, "tune/val_loss": 0.36924415294613155, "selection/best_val_macro_f1": 0.9643920970765019, "tune/best_val_macro_f1": 0.9643920970765019, "selection/overfit_gap": 0.04681570186251316, "tune/overfit_gap": 0.04681570186251316, "selection/generalization_ratio": 0.9514557387970803, "selection/best_epoch": 9.0, "selection/stop_epoch": 10.0, "selection/early_stopped": 0.0, "tune/status/train": 1.0, "tune/status/eval": 1.0, "tune/best_epoch": 9.0, "tune/start_epoch": 0.0, "tune/stop_epoch": 10.0, "tune/epochs_planned": 10.0, "tune/train_loss_last": 0.6486033001598323, "tune/train_elapsed_sec": 232.74280983197968, "tune/early_stopped": 0.0, "tune/resumed": 0.0, "tune/epoch_utilization": 1.0, "tune/fold_index": 0.0, "_wandb": {"runtime": 241}}