{"train/loss": 0.021391333557472053, "val/loss": 0.1891664220020175, "val/macro_f1": 0.9377434159177344, "train/lr": 0.0001, "_timestamp": 1772501284.9949384, "_runtime": 234.25289845466614, "_step": 11, "train/best_epoch": 8.0, "train/best_val_macro_f1": 0.9630908567032328, "train/stop_epoch": 10.0, "train/early_stopped": 1.0, "train/resumed": 0.0, "train/elapsed_sec": 228.79589660000056, "selection/val_macro_f1": 0.9317700620728635, "selection/val_loss": 0.18828590773046017, "selection/fold_index": 1.0, "selection/score_proxy": 0.9170530290533834, "tune/val_macro_f1": 0.9317700620728635, "tune/val_loss": 0.18828590773046017, "selection/best_val_macro_f1": 0.9630908567032328, "tune/best_val_macro_f1": 0.9630908567032328, "selection/overfit_gap": 0.0313207946303693, "tune/overfit_gap": 0.0313207946303693, "selection/generalization_ratio": 0.9674788786412283, "selection/best_epoch": 8.0, "selection/stop_epoch": 10.0, "selection/early_stopped": 1.0, "tune/status/train": 1.0, "tune/status/eval": 1.0, "tune/best_epoch": 8.0, "tune/start_epoch": 0.0, "tune/stop_epoch": 10.0, "tune/epochs_planned": 10.0, "tune/train_loss_last": 0.021391333557472053, "tune/train_elapsed_sec": 228.79589660000056, "tune/early_stopped": 1.0, "tune/resumed": 0.0, "tune/epoch_utilization": 1.0, "tune/fold_index": 1.0, "_wandb": {"runtime": 237}}