{
  "node": "eval",
  "status": "completed",
  "macro_f1": 0.9447967888764197,
  "val/macro_f1": 0.9447967888764197,
  "val/loss": 0.1652429419170533,
  "selection/overfit_gap": 0.011955783031155853,
  "n_val": 314
}