{
  "node": "eval",
  "status": "completed",
  "macro_f1": 0.9396305866447209,
  "val/macro_f1": 0.9396305866447209,
  "val/loss": 0.2797890401312283,
  "selection/overfit_gap": 0.026989480348868056,
  "n_val": 314
}