{"train/loss": 0.6458051636252763, "val/loss": 0.09984503699732679, "val/macro_f1": 0.9789733779690738, "train/lr": 0.0001, "_timestamp": 1772502254.606337, "_runtime": 241.65515518188477, "_step": 11, "train/best_epoch": 10.0, "train/best_val_macro_f1": 0.9789733779690738, "train/stop_epoch": 10.0, "train/early_stopped": 0.0, "train/resumed": 0.0, "train/elapsed_sec": 236.04380530299386, "selection/val_macro_f1": 0.9519519497332027, "selection/val_loss": 0.28825190344027113, "selection/fold_index": 1.0, "selection/score_proxy": 0.9428240930265703, "tune/val_macro_f1": 0.9519519497332027, "tune/val_loss": 0.28825190344027113, "selection/best_val_macro_f1": 0.9789733779690738, "tune/best_val_macro_f1": 0.9789733779690738, "selection/overfit_gap": 0.02702142823587106, "tune/overfit_gap": 0.02702142823587106, "selection/generalization_ratio": 0.9723981991298596, "selection/best_epoch": 10.0, "selection/stop_epoch": 10.0, "selection/early_stopped": 0.0, "tune/status/train": 1.0, "tune/status/eval": 1.0, "tune/best_epoch": 10.0, "tune/start_epoch": 0.0, "tune/stop_epoch": 10.0, "tune/epochs_planned": 10.0, "tune/train_loss_last": 0.6458051636252763, "tune/train_elapsed_sec": 236.04380530299386, "tune/early_stopped": 0.0, "tune/resumed": 0.0, "tune/epoch_utilization": 1.0, "tune/fold_index": 1.0, "_wandb": {"runtime": 244}}