{"train/loss": 0.010073080155910607, "val/loss": 0.11526183441414364, "val/macro_f1": 0.9731556662690092, "train/lr": 1e-06, "_timestamp": 1772508441.7824004, "_runtime": 237.205801486969, "_step": 11, "train/best_epoch": 9.0, "train/best_val_macro_f1": 0.9728273247890488, "train/stop_epoch": 10.0, "train/early_stopped": 0.0, "train/resumed": 0.0, "train/elapsed_sec": 231.76726485503605, "selection/val_macro_f1": 0.9819127150547523, "selection/val_loss": 0.08621288922482304, "selection/fold_index": 1.0, "selection/score_proxy": 0.9819127150547523, "tune/val_macro_f1": 0.9819127150547523, "tune/val_loss": 0.08621288922482304, "selection/best_val_macro_f1": 0.9728273247890488, "tune/best_val_macro_f1": 0.9728273247890488, "selection/overfit_gap": -0.009085390265703541, "tune/overfit_gap": -0.009085390265703541, "selection/generalization_ratio": 1.0093391602334707, "selection/best_epoch": 9.0, "selection/stop_epoch": 10.0, "selection/early_stopped": 0.0, "tune/status/train": 1.0, "tune/status/eval": 1.0, "tune/best_epoch": 9.0, "tune/start_epoch": 0.0, "tune/stop_epoch": 10.0, "tune/epochs_planned": 10.0, "tune/train_loss_last": 0.010073080155910607, "tune/train_elapsed_sec": 231.76726485503605, "tune/early_stopped": 0.0, "tune/resumed": 0.0, "tune/epoch_utilization": 1.0, "tune/fold_index": 1.0, "_wandb": {"runtime": 239}}