{"train/loss": 0.0544466582908875, "val/loss": 0.1719492647264685, "val/macro_f1": 0.9442983198436586, "train/lr": 0.00013, "_timestamp": 1772506888.4346912, "_runtime": 121.78069615364075, "_step": 6, "train/best_epoch": 3.0, "train/best_val_macro_f1": 0.9458653316716429, "train/stop_epoch": 5.0, "train/early_stopped": 1.0, "train/resumed": 0.0, "train/elapsed_sec": 116.17539382795803, "selection/val_macro_f1": 0.9189868790561594, "selection/val_loss": 0.22847489374024527, "selection/fold_index": 0.0, "selection/score_proxy": 0.9100448906560309, "tune/val_macro_f1": 0.9189868790561594, "tune/val_loss": 0.22847489374024527, "selection/best_val_macro_f1": 0.9458653316716429, "tune/best_val_macro_f1": 0.9458653316716429, "selection/overfit_gap": 0.026878452615483495, "tune/overfit_gap": 0.026878452615483495, "selection/generalization_ratio": 0.9715832141051404, "selection/best_epoch": 3.0, "selection/stop_epoch": 5.0, "selection/early_stopped": 1.0, "tune/status/train": 1.0, "tune/status/eval": 1.0, "tune/best_epoch": 3.0, "tune/start_epoch": 0.0, "tune/stop_epoch": 5.0, "tune/epochs_planned": 10.0, "tune/train_loss_last": 0.0544466582908875, "tune/train_elapsed_sec": 116.17539382795803, "tune/early_stopped": 1.0, "tune/resumed": 0.0, "tune/epoch_utilization": 0.5, "tune/fold_index": 0.0, "_wandb": {"runtime": 124}}