{"train/loss": 0.841608686829513, "val/loss": 0.20772193744778633, "val/macro_f1": 0.9230920293804352, "train/lr": 2.5750000000000016e-05, "_timestamp": 1772498917.8224633, "_runtime": 167.00933837890625, "_step": 8, "train/best_epoch": 5.0, "train/best_val_macro_f1": 0.9256218495247833, "train/stop_epoch": 7.0, "train/early_stopped": 1.0, "train/resumed": 0.0, "train/elapsed_sec": 161.5156904500327, "selection/val_macro_f1": 0.9043621728212172, "selection/val_loss": 0.41640158955539974, "selection/fold_index": 0.0, "selection/score_proxy": 0.9027245931065813, "tune/val_macro_f1": 0.9043621728212172, "tune/val_loss": 0.41640158955539974, "selection/best_val_macro_f1": 0.9256218495247833, "tune/best_val_macro_f1": 0.9256218495247833, "selection/overfit_gap": 0.0212596767035661, "tune/overfit_gap": 0.0212596767035661, "selection/generalization_ratio": 0.9770320064133308, "selection/best_epoch": 5.0, "selection/stop_epoch": 7.0, "selection/early_stopped": 1.0, "tune/status/train": 1.0, "tune/status/eval": 1.0, "tune/best_epoch": 5.0, "tune/start_epoch": 0.0, "tune/stop_epoch": 7.0, "tune/epochs_planned": 10.0, "tune/train_loss_last": 0.841608686829513, "tune/train_elapsed_sec": 161.5156904500327, "tune/early_stopped": 1.0, "tune/resumed": 0.0, "tune/epoch_utilization": 0.7, "tune/fold_index": 0.0, "_wandb": {"runtime": 169}}