{"train/loss": 0.6343663970254502, "val/loss": 0.195540847788964, "val/macro_f1": 0.9171163377770112, "train/lr": 0.0001, "_timestamp": 1772498493.6568966, "_runtime": 238.52474665641785, "_step": 11, "train/best_epoch": 9.0, "train/best_val_macro_f1": 0.9588764177147892, "train/stop_epoch": 10.0, "train/early_stopped": 0.0, "train/resumed": 0.0, "train/elapsed_sec": 233.0072617760161, "selection/val_macro_f1": 0.9216866098577191, "selection/val_loss": 0.4334485424416406, "selection/fold_index": 0.0, "selection/score_proxy": 0.899339859643528, "tune/val_macro_f1": 0.9216866098577191, "tune/val_loss": 0.4334485424416406, "selection/best_val_macro_f1": 0.9588764177147892, "tune/best_val_macro_f1": 0.9588764177147892, "selection/overfit_gap": 0.037189807857070045, "tune/overfit_gap": 0.037189807857070045, "selection/generalization_ratio": 0.9612152231820432, "selection/best_epoch": 9.0, "selection/stop_epoch": 10.0, "selection/early_stopped": 0.0, "tune/status/train": 1.0, "tune/status/eval": 1.0, "tune/best_epoch": 9.0, "tune/start_epoch": 0.0, "tune/stop_epoch": 10.0, "tune/epochs_planned": 10.0, "tune/train_loss_last": 0.6343663970254502, "tune/train_elapsed_sec": 233.0072617760161, "tune/early_stopped": 0.0, "tune/resumed": 0.0, "tune/epoch_utilization": 1.0, "tune/fold_index": 0.0, "_wandb": {"runtime": 240}}