{"train/loss": 0.05414597493077997, "val/loss": 0.1976847874798945, "val/macro_f1": 0.9354121714206509, "train/lr": 0.00013, "_timestamp": 1772507775.6629927, "_runtime": 214.58874368667603, "_step": 10, "train/best_epoch": 7.0, "train/best_val_macro_f1": 0.9376409348752458, "train/stop_epoch": 9.0, "train/early_stopped": 1.0, "train/resumed": 0.0, "train/elapsed_sec": 209.09533731400734, "selection/val_macro_f1": 0.9203187688693523, "selection/val_loss": 0.20236045414847986, "selection/fold_index": 0.0, "selection/score_proxy": 0.9203187688693523, "tune/val_macro_f1": 0.9203187688693523, "tune/val_loss": 0.20236045414847986, "selection/best_val_macro_f1": 0.9376409348752458, "tune/best_val_macro_f1": 0.9376409348752458, "selection/overfit_gap": 0.017322166005893536, "tune/overfit_gap": 0.017322166005893536, "selection/generalization_ratio": 0.9815258001633661, "selection/best_epoch": 7.0, "selection/stop_epoch": 9.0, "selection/early_stopped": 1.0, "tune/status/train": 1.0, "tune/status/eval": 1.0, "tune/best_epoch": 7.0, "tune/start_epoch": 0.0, "tune/stop_epoch": 9.0, "tune/epochs_planned": 10.0, "tune/train_loss_last": 0.05414597493077997, "tune/train_elapsed_sec": 209.09533731400734, "tune/early_stopped": 1.0, "tune/resumed": 0.0, "tune/epoch_utilization": 0.9, "tune/fold_index": 0.0, "_wandb": {"runtime": 217}}