{"train/loss": 0.07126545614369635, "val/loss": 0.2159572783857584, "val/macro_f1": 0.9210901398961074, "train/lr": 0.0001, "_timestamp": 1772500098.4981804, "_runtime": 120.66073632240295, "_step": 6, "train/best_epoch": 3.0, "train/best_val_macro_f1": 0.9444910568726925, "train/stop_epoch": 5.0, "train/early_stopped": 1.0, "train/resumed": 0.0, "train/elapsed_sec": 115.01231491100043, "selection/val_macro_f1": 0.9189956878347193, "selection/val_loss": 0.2086451825286661, "selection/fold_index": 0.0, "selection/score_proxy": 0.9118517080853541, "tune/val_macro_f1": 0.9189956878347193, "tune/val_loss": 0.2086451825286661, "selection/best_val_macro_f1": 0.9444910568726925, "tune/best_val_macro_f1": 0.9444910568726925, "selection/overfit_gap": 0.025495369037973226, "tune/overfit_gap": 0.025495369037973226, "selection/generalization_ratio": 0.9730062356308687, "selection/best_epoch": 3.0, "selection/stop_epoch": 5.0, "selection/early_stopped": 1.0, "tune/status/train": 1.0, "tune/status/eval": 1.0, "tune/best_epoch": 3.0, "tune/start_epoch": 0.0, "tune/stop_epoch": 5.0, "tune/epochs_planned": 10.0, "tune/train_loss_last": 0.07126545614369635, "tune/train_elapsed_sec": 115.01231491100043, "tune/early_stopped": 1.0, "tune/resumed": 0.0, "tune/epoch_utilization": 0.5, "tune/fold_index": 0.0, "_wandb": {"runtime": 123}}