{"train/loss": 0.771394078180475, "val/loss": 0.14663866055863245, "val/macro_f1": 0.9583912168342335, "train/lr": 3.985215271097539e-06, "_timestamp": 1772503530.8660119, "_runtime": 215.30942678451538, "_step": 10, "train/best_epoch": 7.0, "train/best_val_macro_f1": 0.9624146683845162, "train/stop_epoch": 9.0, "train/early_stopped": 1.0, "train/resumed": 0.0, "train/elapsed_sec": 209.70079883397557, "selection/val_macro_f1": 0.9307166723234325, "selection/val_loss": 0.44709521319184986, "selection/fold_index": 1.0, "selection/score_proxy": 0.9155092774440237, "tune/val_macro_f1": 0.9307166723234325, "tune/val_loss": 0.44709521319184986, "selection/best_val_macro_f1": 0.9624146683845162, "tune/best_val_macro_f1": 0.9624146683845162, "selection/overfit_gap": 0.0316979960610837, "tune/overfit_gap": 0.0316979960610837, "selection/generalization_ratio": 0.967064097106613, "selection/best_epoch": 7.0, "selection/stop_epoch": 9.0, "selection/early_stopped": 1.0, "tune/status/train": 1.0, "tune/status/eval": 1.0, "tune/best_epoch": 7.0, "tune/start_epoch": 0.0, "tune/stop_epoch": 9.0, "tune/epochs_planned": 10.0, "tune/train_loss_last": 0.771394078180475, "tune/train_elapsed_sec": 209.70079883397557, "tune/early_stopped": 1.0, "tune/resumed": 0.0, "tune/epoch_utilization": 0.9, "tune/fold_index": 1.0, "_wandb": {"runtime": 217}}