{"train/loss": 0.7570035007764708, "val/loss": 0.166210819834045, "val/macro_f1": 0.9641103656316637, "train/lr": 0.00013, "_timestamp": 1772506310.969287, "_runtime": 191.79243898391724, "_step": 9, "train/best_epoch": 6.0, "train/best_val_macro_f1": 0.9715849550725018, "train/stop_epoch": 8.0, "train/early_stopped": 1.0, "train/resumed": 0.0, "train/elapsed_sec": 186.28560591704445, "selection/val_macro_f1": 0.8676543690298836, "selection/val_loss": 0.5068672278097698, "selection/fold_index": 1.0, "selection/score_proxy": 0.7585446071744799, "tune/val_macro_f1": 0.8676543690298836, "tune/val_loss": 0.5068672278097698, "selection/best_val_macro_f1": 0.9715849550725018, "tune/best_val_macro_f1": 0.9715849550725018, "selection/overfit_gap": 0.10393058604261818, "tune/overfit_gap": 0.10393058604261818, "selection/generalization_ratio": 0.8930298524076439, "selection/best_epoch": 6.0, "selection/stop_epoch": 8.0, "selection/early_stopped": 1.0, "tune/status/train": 1.0, "tune/status/eval": 1.0, "tune/best_epoch": 6.0, "tune/start_epoch": 0.0, "tune/stop_epoch": 8.0, "tune/epochs_planned": 10.0, "tune/train_loss_last": 0.7570035007764708, "tune/train_elapsed_sec": 186.28560591704445, "tune/early_stopped": 1.0, "tune/resumed": 0.0, "tune/epoch_utilization": 0.8, "tune/fold_index": 1.0, "_wandb": {"runtime": 194}}