{
  "node": "eval",
  "status": "completed",
  "macro_f1": 0.9396136938041901,
  "val/macro_f1": 0.9396136938041901,
  "val/loss": 0.3193972355553082,
  "selection/overfit_gap": 0.0004826321556362645,
  "n_val": 314
}