{"train/loss": 0.6520102801469138, "val/loss": 0.09709388722798654, "val/macro_f1": 0.9760588160875104, "train/lr": 0.0001, "_timestamp": 1772498742.2138302, "_runtime": 241.03516030311584, "_step": 11, "train/best_epoch": 10.0, "train/best_val_macro_f1": 0.9760588160875104, "train/stop_epoch": 10.0, "train/early_stopped": 0.0, "train/resumed": 0.0, "train/elapsed_sec": 235.28936012502527, "selection/val_macro_f1": 0.9413914815569749, "selection/val_loss": 0.3234451562166214, "selection/fold_index": 1.0, "selection/score_proxy": 0.9223239466672788, "tune/val_macro_f1": 0.9413914815569749, "tune/val_loss": 0.3234451562166214, "selection/best_val_macro_f1": 0.9760588160875104, "tune/best_val_macro_f1": 0.9760588160875104, "selection/overfit_gap": 0.0346673345305355, "tune/overfit_gap": 0.0346673345305355, "selection/generalization_ratio": 0.9644823304096591, "selection/best_epoch": 10.0, "selection/stop_epoch": 10.0, "selection/early_stopped": 0.0, "tune/status/train": 1.0, "tune/status/eval": 1.0, "tune/best_epoch": 10.0, "tune/start_epoch": 0.0, "tune/stop_epoch": 10.0, "tune/epochs_planned": 10.0, "tune/train_loss_last": 0.6520102801469138, "tune/train_elapsed_sec": 235.28936012502527, "tune/early_stopped": 0.0, "tune/resumed": 0.0, "tune/epoch_utilization": 1.0, "tune/fold_index": 1.0, "_wandb": {"runtime": 243}}