{
  "node": "eval",
  "status": "completed",
  "macro_f1": 0.867084437887212,
  "val/macro_f1": 0.867084437887212,
  "val/loss": 0.5672006543193545,
  "selection/overfit_gap": 0.08435098173980116,
  "n_val": 314
}