{"train/loss": 0.6643823700131111, "val/loss": 0.1542022531586034, "val/macro_f1": 0.9632802937576498, "train/lr": 1e-06, "_timestamp": 1772499969.1043103, "_runtime": 240.57352018356323, "_step": 11, "train/best_epoch": 9.0, "train/best_val_macro_f1": 0.9687994496044031, "train/stop_epoch": 10.0, "train/early_stopped": 0.0, "train/resumed": 0.0, "train/elapsed_sec": 235.00910983601352, "selection/val_macro_f1": 0.9365270234971415, "selection/val_loss": 0.324256674519607, "selection/fold_index": 1.0, "selection/score_proxy": 0.9205728695577013, "tune/val_macro_f1": 0.9365270234971415, "tune/val_loss": 0.324256674519607, "selection/best_val_macro_f1": 0.9687994496044031, "tune/best_val_macro_f1": 0.9687994496044031, "selection/overfit_gap": 0.032272426107261665, "tune/overfit_gap": 0.032272426107261665, "selection/generalization_ratio": 0.9666882282804354, "selection/best_epoch": 9.0, "selection/stop_epoch": 10.0, "selection/early_stopped": 0.0, "tune/status/train": 1.0, "tune/status/eval": 1.0, "tune/best_epoch": 9.0, "tune/start_epoch": 0.0, "tune/stop_epoch": 10.0, "tune/epochs_planned": 10.0, "tune/train_loss_last": 0.6643823700131111, "tune/train_elapsed_sec": 235.00910983601352, "tune/early_stopped": 0.0, "tune/resumed": 0.0, "tune/epoch_utilization": 1.0, "tune/fold_index": 1.0, "_wandb": {"runtime": 243}}