{"train/loss": 0.015205195292233015, "val/loss": 0.15386751769775792, "val/macro_f1": 0.9566547604632696, "train/lr": 0.00013, "_timestamp": 1772507130.885592, "_runtime": 234.03114199638367, "_step": 11, "train/best_epoch": 9.0, "train/best_val_macro_f1": 0.9664187829180657, "train/stop_epoch": 10.0, "train/early_stopped": 0.0, "train/resumed": 0.0, "train/elapsed_sec": 228.75220409303438, "selection/val_macro_f1": 0.901882466272683, "selection/val_loss": 0.32293661311268806, "selection/fold_index": 1.0, "selection/score_proxy": 0.8439852546336855, "tune/val_macro_f1": 0.901882466272683, "tune/val_loss": 0.32293661311268806, "selection/best_val_macro_f1": 0.9664187829180657, "tune/best_val_macro_f1": 0.9664187829180657, "selection/overfit_gap": 0.06453631664538273, "tune/overfit_gap": 0.06453631664538273, "selection/generalization_ratio": 0.9332211689320465, "selection/best_epoch": 9.0, "selection/stop_epoch": 10.0, "selection/early_stopped": 0.0, "tune/status/train": 1.0, "tune/status/eval": 1.0, "tune/best_epoch": 9.0, "tune/start_epoch": 0.0, "tune/stop_epoch": 10.0, "tune/epochs_planned": 10.0, "tune/train_loss_last": 0.015205195292233015, "tune/train_elapsed_sec": 228.75220409303438, "tune/early_stopped": 0.0, "tune/resumed": 0.0, "tune/epoch_utilization": 1.0, "tune/fold_index": 1.0, "_wandb": {"runtime": 236}}