{"train/loss": 0.011156719740269319, "val/loss": 0.1257750707944589, "val/macro_f1": 0.9667852081300023, "train/lr": 1e-06, "_timestamp": 1772501779.694374, "_runtime": 239.45647406578064, "_step": 11, "train/best_epoch": 8.0, "train/best_val_macro_f1": 0.9667852081300023, "train/stop_epoch": 10.0, "train/early_stopped": 1.0, "train/resumed": 0.0, "train/elapsed_sec": 234.14636031800183, "selection/val_macro_f1": 0.9527015191741124, "selection/val_loss": 0.13429749650614603, "selection/fold_index": 1.0, "selection/score_proxy": 0.9527015191741124, "tune/val_macro_f1": 0.9527015191741124, "tune/val_loss": 0.13429749650614603, "selection/best_val_macro_f1": 0.9667852081300023, "tune/best_val_macro_f1": 0.9667852081300023, "selection/overfit_gap": 0.014083688955889961, "tune/overfit_gap": 0.014083688955889961, "selection/generalization_ratio": 0.9854324530025328, "selection/best_epoch": 8.0, "selection/stop_epoch": 10.0, "selection/early_stopped": 1.0, "tune/status/train": 1.0, "tune/status/eval": 1.0, "tune/best_epoch": 8.0, "tune/start_epoch": 0.0, "tune/stop_epoch": 10.0, "tune/epochs_planned": 10.0, "tune/train_loss_last": 0.011156719740269319, "tune/train_elapsed_sec": 234.14636031800183, "tune/early_stopped": 1.0, "tune/resumed": 0.0, "tune/epoch_utilization": 1.0, "tune/fold_index": 1.0, "_wandb": {"runtime": 242}}