{"train/loss": 0.013646853031186422, "val/loss": 0.1685571154812351, "val/macro_f1": 0.955946815650055, "train/lr": 0.0001, "_timestamp": 1772501042.8766994, "_runtime": 240.11733150482178, "_step": 11, "train/best_epoch": 10.0, "train/best_val_macro_f1": 0.955946815650055, "train/stop_epoch": 10.0, "train/early_stopped": 0.0, "train/resumed": 0.0, "train/elapsed_sec": 234.01526265201392, "selection/val_macro_f1": 0.9445919603691635, "selection/val_loss": 0.20118641653763397, "selection/fold_index": 0.0, "selection/score_proxy": 0.9445919603691635, "tune/val_macro_f1": 0.9445919603691635, "tune/val_loss": 0.20118641653763397, "selection/best_val_macro_f1": 0.955946815650055, "tune/best_val_macro_f1": 0.955946815650055, "selection/overfit_gap": 0.01135485528089153, "tune/overfit_gap": 0.01135485528089153, "selection/generalization_ratio": 0.9881218755112751, "selection/best_epoch": 10.0, "selection/stop_epoch": 10.0, "selection/early_stopped": 0.0, "tune/status/train": 1.0, "tune/status/eval": 1.0, "tune/best_epoch": 10.0, "tune/start_epoch": 0.0, "tune/stop_epoch": 10.0, "tune/epochs_planned": 10.0, "tune/train_loss_last": 0.013646853031186422, "tune/train_elapsed_sec": 234.01526265201392, "tune/early_stopped": 0.0, "tune/resumed": 0.0, "tune/epoch_utilization": 1.0, "tune/fold_index": 0.0, "_wandb": {"runtime": 242}}