{
  "node": "eval",
  "status": "completed",
  "macro_f1": 0.9411678486151648,
  "val/macro_f1": 0.9411678486151648,
  "val/loss": 0.18243861304862158,
  "selection/overfit_gap": 0.014760049629989447,
  "n_val": 314
}