{
  "node": "eval",
  "status": "completed",
  "macro_f1": 0.947117391880663,
  "val/macro_f1": 0.947117391880663,
  "val/loss": 0.12156281134645854,
  "selection/overfit_gap": 0.015499437208759237,
  "n_val": 314
}