{"train/loss": 0.014090012917119378, "val/loss": 0.14718079872961556, "val/macro_f1": 0.9515662881231206, "train/lr": 1e-06, "_timestamp": 1772501532.682028, "_runtime": 239.02508807182312, "_step": 11, "train/best_epoch": 9.0, "train/best_val_macro_f1": 0.9567525719075756, "train/stop_epoch": 10.0, "train/early_stopped": 0.0, "train/resumed": 0.0, "train/elapsed_sec": 232.78466507495614, "selection/val_macro_f1": 0.9447967888764197, "selection/val_loss": 0.1652429419170533, "selection/fold_index": 0.0, "selection/score_proxy": 0.9447967888764197, "tune/val_macro_f1": 0.9447967888764197, "tune/val_loss": 0.1652429419170533, "selection/best_val_macro_f1": 0.9567525719075756, "tune/best_val_macro_f1": 0.9567525719075756, "selection/overfit_gap": 0.011955783031155853, "tune/overfit_gap": 0.011955783031155853, "selection/generalization_ratio": 0.9875037879361866, "selection/best_epoch": 9.0, "selection/stop_epoch": 10.0, "selection/early_stopped": 0.0, "tune/status/train": 1.0, "tune/status/eval": 1.0, "tune/best_epoch": 9.0, "tune/start_epoch": 0.0, "tune/stop_epoch": 10.0, "tune/epochs_planned": 10.0, "tune/train_loss_last": 0.014090012917119378, "tune/train_elapsed_sec": 232.78466507495614, "tune/early_stopped": 0.0, "tune/resumed": 0.0, "tune/epoch_utilization": 1.0, "tune/fold_index": 0.0, "_wandb": {"runtime": 241}}