{"train/loss": 0.7626135318346743, "val/loss": 0.17818072651113784, "val/macro_f1": 0.9465103996520876, "train/lr": 0.0001, "_timestamp": 1772503106.8907206, "_runtime": 192.31165051460266, "_step": 9, "train/best_epoch": 6.0, "train/best_val_macro_f1": 0.9690055986215659, "train/stop_epoch": 8.0, "train/early_stopped": 1.0, "train/resumed": 0.0, "train/elapsed_sec": 186.63737515098182, "selection/val_macro_f1": 0.8696474116601344, "selection/val_loss": 0.49147604405879974, "selection/fold_index": 1.0, "selection/score_proxy": 0.7664817686102734, "tune/val_macro_f1": 0.8696474116601344, "tune/val_loss": 0.49147604405879974, "selection/best_val_macro_f1": 0.9690055986215659, "tune/best_val_macro_f1": 0.9690055986215659, "selection/overfit_gap": 0.0993581869614315, "tune/overfit_gap": 0.0993581869614315, "selection/generalization_ratio": 0.8974637637772466, "selection/best_epoch": 6.0, "selection/stop_epoch": 8.0, "selection/early_stopped": 1.0, "tune/status/train": 1.0, "tune/status/eval": 1.0, "tune/best_epoch": 6.0, "tune/start_epoch": 0.0, "tune/stop_epoch": 8.0, "tune/epochs_planned": 10.0, "tune/train_loss_last": 0.7626135318346743, "tune/train_elapsed_sec": 186.63737515098182, "tune/early_stopped": 1.0, "tune/resumed": 0.0, "tune/epoch_utilization": 0.8, "tune/fold_index": 1.0, "_wandb": {"runtime": 195}}