{"train/loss": 0.01231077314301763, "val/loss": 0.13483853172510862, "val/macro_f1": 0.9491217758110873, "train/lr": 1e-06, "_timestamp": 1772508196.783685, "_runtime": 237.11686205863953, "_step": 11, "train/best_epoch": 8.0, "train/best_val_macro_f1": 0.9618084465184938, "train/stop_epoch": 10.0, "train/early_stopped": 1.0, "train/resumed": 0.0, "train/elapsed_sec": 231.64075202896493, "selection/val_macro_f1": 0.9499107520776744, "selection/val_loss": 0.16355565522930451, "selection/fold_index": 0.0, "selection/score_proxy": 0.9499107520776744, "tune/val_macro_f1": 0.9499107520776744, "tune/val_loss": 0.16355565522930451, "selection/best_val_macro_f1": 0.9618084465184938, "tune/best_val_macro_f1": 0.9618084465184938, "selection/overfit_gap": 0.01189769444081945, "tune/overfit_gap": 0.01189769444081945, "selection/generalization_ratio": 0.9876298711205063, "selection/best_epoch": 8.0, "selection/stop_epoch": 10.0, "selection/early_stopped": 1.0, "tune/status/train": 1.0, "tune/status/eval": 1.0, "tune/best_epoch": 8.0, "tune/start_epoch": 0.0, "tune/stop_epoch": 10.0, "tune/epochs_planned": 10.0, "tune/train_loss_last": 0.01231077314301763, "tune/train_elapsed_sec": 231.64075202896493, "tune/early_stopped": 1.0, "tune/resumed": 0.0, "tune/epoch_utilization": 1.0, "tune/fold_index": 0.0, "_wandb": {"runtime": 239}}