{"train/loss": 0.6547101536449397, "val/loss": 0.23170854364122664, "val/macro_f1": 0.9217701483512658, "train/lr": 0.0001, "_timestamp": 1772502906.2043655, "_runtime": 240.85502743721008, "_step": 11, "train/best_epoch": 8.0, "train/best_val_macro_f1": 0.9428045120634829, "train/stop_epoch": 10.0, "train/early_stopped": 1.0, "train/resumed": 0.0, "train/elapsed_sec": 235.013553872006, "selection/val_macro_f1": 0.9438823809698988, "selection/val_loss": 0.27857963527951923, "selection/fold_index": 0.0, "selection/score_proxy": 0.9438823809698988, "tune/val_macro_f1": 0.9438823809698988, "tune/val_loss": 0.27857963527951923, "selection/best_val_macro_f1": 0.9428045120634829, "tune/best_val_macro_f1": 0.9428045120634829, "selection/overfit_gap": -0.0010778689064159241, "tune/overfit_gap": -0.0010778689064159241, "selection/generalization_ratio": 1.0011432581119672, "selection/best_epoch": 8.0, "selection/stop_epoch": 10.0, "selection/early_stopped": 1.0, "tune/status/train": 1.0, "tune/status/eval": 1.0, "tune/best_epoch": 8.0, "tune/start_epoch": 0.0, "tune/stop_epoch": 10.0, "tune/epochs_planned": 10.0, "tune/train_loss_last": 0.6547101536449397, "tune/train_elapsed_sec": 235.013553872006, "tune/early_stopped": 1.0, "tune/resumed": 0.0, "tune/epoch_utilization": 1.0, "tune/fold_index": 0.0, "_wandb": {"runtime": 242}}