{"train/loss": 0.7585880717016616, "val/loss": 0.18760748659925802, "val/macro_f1": 0.9538054492963286, "train/lr": 0.0001, "_timestamp": 1772502004.9771466, "_runtime": 216.62147164344788, "_step": 10, "train/best_epoch": 7.0, "train/best_val_macro_f1": 0.9538944916363292, "train/stop_epoch": 9.0, "train/early_stopped": 1.0, "train/resumed": 0.0, "train/elapsed_sec": 210.5293833509786, "selection/val_macro_f1": 0.9184816058814462, "selection/val_loss": 0.3184355358992304, "selection/fold_index": 0.0, "selection/score_proxy": 0.8984448544000984, "tune/val_macro_f1": 0.9184816058814462, "tune/val_loss": 0.3184355358992304, "selection/best_val_macro_f1": 0.9538944916363292, "tune/best_val_macro_f1": 0.9538944916363292, "selection/overfit_gap": 0.035412885754882995, "tune/overfit_gap": 0.035412885754882995, "selection/generalization_ratio": 0.9628754688643447, "selection/best_epoch": 7.0, "selection/stop_epoch": 9.0, "selection/early_stopped": 1.0, "tune/status/train": 1.0, "tune/status/eval": 1.0, "tune/best_epoch": 7.0, "tune/start_epoch": 0.0, "tune/stop_epoch": 9.0, "tune/epochs_planned": 10.0, "tune/train_loss_last": 0.7585880717016616, "tune/train_elapsed_sec": 210.5293833509786, "tune/early_stopped": 1.0, "tune/resumed": 0.0, "tune/epoch_utilization": 0.9, "tune/fold_index": 0.0, "_wandb": {"runtime": 219}}