{"train/loss": 0.7564765809560722, "val/loss": 0.14367965103260108, "val/macro_f1": 0.9646705897212996, "train/lr": 4.889825959308914e-06, "_timestamp": 1772510236.9301732, "_runtime": 216.21176314353943, "_step": 10, "train/best_epoch": 7.0, "train/best_val_macro_f1": 0.9666200669935889, "train/stop_epoch": 9.0, "train/early_stopped": 1.0, "train/resumed": 0.0, "train/elapsed_sec": 210.6182575810235, "selection/val_macro_f1": 0.9396305866447209, "selection/val_loss": 0.2797890401312283, "selection/fold_index": 1.0, "selection/score_proxy": 0.9305442621911924, "tune/val_macro_f1": 0.9396305866447209, "tune/val_loss": 0.2797890401312283, "selection/best_val_macro_f1": 0.9666200669935889, "tune/best_val_macro_f1": 0.9666200669935889, "selection/overfit_gap": 0.026989480348868056, "tune/overfit_gap": 0.026989480348868056, "selection/generalization_ratio": 0.9720785019156373, "selection/best_epoch": 7.0, "selection/stop_epoch": 9.0, "selection/early_stopped": 1.0, "tune/status/train": 1.0, "tune/status/eval": 1.0, "tune/best_epoch": 7.0, "tune/start_epoch": 0.0, "tune/stop_epoch": 9.0, "tune/epochs_planned": 10.0, "tune/train_loss_last": 0.7564765809560722, "tune/train_elapsed_sec": 210.6182575810235, "tune/early_stopped": 1.0, "tune/resumed": 0.0, "tune/epoch_utilization": 0.9, "tune/fold_index": 1.0, "_wandb": {"runtime": 218}}