{"train/loss": 0.014041669170354616, "val/loss": 0.14350172025816782, "val/macro_f1": 0.9517942795275827, "train/lr": 1e-06, "_timestamp": 1772504740.196999, "_runtime": 239.12109303474426, "_step": 11, "train/best_epoch": 8.0, "train/best_val_macro_f1": 0.956991427139591, "train/stop_epoch": 10.0, "train/early_stopped": 1.0, "train/resumed": 0.0, "train/elapsed_sec": 233.54185603995575, "selection/val_macro_f1": 0.9404647526302979, "selection/val_loss": 0.1681096125394106, "selection/fold_index": 0.0, "selection/score_proxy": 0.9404647526302979, "tune/val_macro_f1": 0.9404647526302979, "tune/val_loss": 0.1681096125394106, "selection/best_val_macro_f1": 0.956991427139591, "tune/best_val_macro_f1": 0.956991427139591, "selection/overfit_gap": 0.016526674509293016, "tune/overfit_gap": 0.016526674509293016, "selection/generalization_ratio": 0.982730592938862, "selection/best_epoch": 8.0, "selection/stop_epoch": 10.0, "selection/early_stopped": 1.0, "tune/status/train": 1.0, "tune/status/eval": 1.0, "tune/best_epoch": 8.0, "tune/start_epoch": 0.0, "tune/stop_epoch": 10.0, "tune/epochs_planned": 10.0, "tune/train_loss_last": 0.014041669170354616, "tune/train_elapsed_sec": 233.54185603995575, "tune/early_stopped": 1.0, "tune/resumed": 0.0, "tune/epoch_utilization": 1.0, "tune/fold_index": 0.0, "_wandb": {"runtime": 241}}