{"train/loss": 0.04858323529731693, "val/loss": 0.15865189868158527, "val/macro_f1": 0.93926638823134, "train/lr": 0.00013, "_timestamp": 1772503788.6525052, "_runtime": 119.13917326927185, "_step": 6, "train/best_epoch": 3.0, "train/best_val_macro_f1": 0.9495433966856341, "train/stop_epoch": 5.0, "train/early_stopped": 1.0, "train/resumed": 0.0, "train/elapsed_sec": 113.71232048101956, "selection/val_macro_f1": 0.9399338369659711, "selection/val_loss": 0.1995366814413241, "selection/fold_index": 1.0, "selection/score_proxy": 0.9399338369659711, "tune/val_macro_f1": 0.9399338369659711, "tune/val_loss": 0.1995366814413241, "selection/best_val_macro_f1": 0.9495433966856341, "tune/best_val_macro_f1": 0.9495433966856341, "selection/overfit_gap": 0.009609559719663041, "tune/overfit_gap": 0.009609559719663041, "selection/generalization_ratio": 0.989879809861029, "selection/best_epoch": 3.0, "selection/stop_epoch": 5.0, "selection/early_stopped": 1.0, "tune/status/train": 1.0, "tune/status/eval": 1.0, "tune/best_epoch": 3.0, "tune/start_epoch": 0.0, "tune/stop_epoch": 5.0, "tune/epochs_planned": 10.0, "tune/train_loss_last": 0.04858323529731693, "tune/train_elapsed_sec": 113.71232048101956, "tune/early_stopped": 1.0, "tune/resumed": 0.0, "tune/epoch_utilization": 0.5, "tune/fold_index": 1.0, "_wandb": {"runtime": 121}}