{"train/loss": 0.6344372400978826, "val/loss": 0.19166612225983823, "val/macro_f1": 0.9370538787124888, "train/lr": 0.00013, "_timestamp": 1772505164.215617, "_runtime": 241.2372498512268, "_step": 11, "train/best_epoch": 9.0, "train/best_val_macro_f1": 0.95627992786227, "train/stop_epoch": 10.0, "train/early_stopped": 0.0, "train/resumed": 0.0, "train/elapsed_sec": 235.33943608001573, "selection/val_macro_f1": 0.865768284794495, "selection/val_loss": 0.5264420104878289, "selection/fold_index": 0.0, "selection/score_proxy": 0.7741031488063874, "tune/val_macro_f1": 0.865768284794495, "tune/val_loss": 0.5264420104878289, "selection/best_val_macro_f1": 0.95627992786227, "tune/best_val_macro_f1": 0.95627992786227, "selection/overfit_gap": 0.09051164306777504, "tune/overfit_gap": 0.09051164306777504, "selection/generalization_ratio": 0.9053502636303257, "selection/best_epoch": 9.0, "selection/stop_epoch": 10.0, "selection/early_stopped": 0.0, "tune/status/train": 1.0, "tune/status/eval": 1.0, "tune/best_epoch": 9.0, "tune/start_epoch": 0.0, "tune/stop_epoch": 10.0, "tune/epochs_planned": 10.0, "tune/train_loss_last": 0.6344372400978826, "tune/train_elapsed_sec": 235.33943608001573, "tune/early_stopped": 0.0, "tune/resumed": 0.0, "tune/epoch_utilization": 1.0, "tune/fold_index": 0.0, "_wandb": {"runtime": 243}}