{
  "node": "eval",
  "status": "completed",
  "macro_f1": 0.9162927081148028,
  "val/macro_f1": 0.9162927081148028,
  "val/loss": 0.3603439810020583,
  "selection/overfit_gap": 0.04773475405739669,
  "n_val": 314
}