{"train/loss": 0.02464776095617914, "val/loss": 0.12328570558955627, "val/macro_f1": 0.9642759461236162, "train/lr": 3.3250000000000015e-05, "_timestamp": 1772504915.785242, "_runtime": 167.19850206375122, "_step": 8, "train/best_epoch": 5.0, "train/best_val_macro_f1": 0.9644253040214724, "train/stop_epoch": 7.0, "train/early_stopped": 1.0, "train/resumed": 0.0, "train/elapsed_sec": 161.46123104303842, "selection/val_macro_f1": 0.9476258352829106, "selection/val_loss": 0.13170410439904248, "selection/fold_index": 1.0, "selection/score_proxy": 0.9476258352829106, "tune/val_macro_f1": 0.9476258352829106, "tune/val_loss": 0.13170410439904248, "selection/best_val_macro_f1": 0.9644253040214724, "tune/best_val_macro_f1": 0.9644253040214724, "selection/overfit_gap": 0.016799468738561862, "tune/overfit_gap": 0.016799468738561862, "selection/generalization_ratio": 0.9825808503069017, "selection/best_epoch": 5.0, "selection/stop_epoch": 7.0, "selection/early_stopped": 1.0, "tune/status/train": 1.0, "tune/status/eval": 1.0, "tune/best_epoch": 5.0, "tune/start_epoch": 0.0, "tune/stop_epoch": 7.0, "tune/epochs_planned": 10.0, "tune/train_loss_last": 0.02464776095617914, "tune/train_elapsed_sec": 161.46123104303842, "tune/early_stopped": 1.0, "tune/resumed": 0.0, "tune/epoch_utilization": 0.7, "tune/fold_index": 1.0, "_wandb": {"runtime": 169}}