{"train/loss": 0.012925033167637181, "val/loss": 0.15543836494907737, "val/macro_f1": 0.9321354438854534, "train/lr": 1e-06, "_timestamp": 1772500544.3120377, "_runtime": 237.9719536304474, "_step": 11, "train/best_epoch": 8.0, "train/best_val_macro_f1": 0.9410567414302635, "train/stop_epoch": 10.0, "train/early_stopped": 1.0, "train/resumed": 0.0, "train/elapsed_sec": 231.58453031501267, "selection/val_macro_f1": 0.9248651077179799, "selection/val_loss": 0.20963682593511684, "selection/fold_index": 0.0, "selection/score_proxy": 0.9248651077179799, "tune/val_macro_f1": 0.9248651077179799, "tune/val_loss": 0.20963682593511684, "selection/best_val_macro_f1": 0.9410567414302635, "tune/best_val_macro_f1": 0.9410567414302635, "selection/overfit_gap": 0.016191633712283604, "tune/overfit_gap": 0.016191633712283604, "selection/generalization_ratio": 0.9827942003925557, "selection/best_epoch": 8.0, "selection/stop_epoch": 10.0, "selection/early_stopped": 1.0, "tune/status/train": 1.0, "tune/status/eval": 1.0, "tune/best_epoch": 8.0, "tune/start_epoch": 0.0, "tune/stop_epoch": 10.0, "tune/epochs_planned": 10.0, "tune/train_loss_last": 0.012925033167637181, "tune/train_elapsed_sec": 231.58453031501267, "tune/early_stopped": 1.0, "tune/resumed": 0.0, "tune/epoch_utilization": 1.0, "tune/fold_index": 0.0, "_wandb": {"runtime": 240}}