{"train/loss": 0.01570505957681475, "val/loss": 0.13255885286655808, "val/macro_f1": 0.958259737872226, "train/lr": 3.985215271097539e-06, "_timestamp": 1772498247.4232104, "_runtime": 215.62148141860962, "_step": 10, "train/best_epoch": 7.0, "train/best_val_macro_f1": 0.9610110179093981, "train/stop_epoch": 9.0, "train/early_stopped": 1.0, "train/resumed": 0.0, "train/elapsed_sec": 209.40314902202226, "selection/val_macro_f1": 0.9208446940037021, "selection/val_loss": 0.19351674948952027, "selection/fold_index": 1.0, "selection/score_proxy": 0.8946284729262972, "tune/val_macro_f1": 0.9208446940037021, "tune/val_loss": 0.19351674948952027, "selection/best_val_macro_f1": 0.9610110179093981, "tune/best_val_macro_f1": 0.9610110179093981, "selection/overfit_gap": 0.04016632390569608, "tune/overfit_gap": 0.04016632390569608, "selection/generalization_ratio": 0.958204096355654, "selection/best_epoch": 7.0, "selection/stop_epoch": 9.0, "selection/early_stopped": 1.0, "tune/status/train": 1.0, "tune/status/eval": 1.0, "tune/best_epoch": 7.0, "tune/start_epoch": 0.0, "tune/stop_epoch": 9.0, "tune/epochs_planned": 10.0, "tune/train_loss_last": 0.01570505957681475, "tune/train_elapsed_sec": 209.40314902202226, "tune/early_stopped": 1.0, "tune/resumed": 0.0, "tune/epoch_utilization": 0.9, "tune/fold_index": 1.0, "_wandb": {"runtime": 217}}