{"train/loss": 0.6655486709666703, "val/loss": 0.12990684088851726, "val/macro_f1": 0.9717523050850531, "train/lr": 0.0001, "_timestamp": 1772499519.9200745, "_runtime": 241.18006348609924, "_step": 11, "train/best_epoch": 10.0, "train/best_val_macro_f1": 0.9717523050850531, "train/stop_epoch": 10.0, "train/early_stopped": 0.0, "train/resumed": 0.0, "train/elapsed_sec": 235.80547251697863, "selection/val_macro_f1": 0.9663421031154605, "selection/val_loss": 0.22784646919795445, "selection/fold_index": 1.0, "selection/score_proxy": 0.9663421031154605, "tune/val_macro_f1": 0.9663421031154605, "tune/val_loss": 0.22784646919795445, "selection/best_val_macro_f1": 0.9717523050850531, "tune/best_val_macro_f1": 0.9717523050850531, "selection/overfit_gap": 0.005410201969592521, "tune/overfit_gap": 0.005410201969592521, "selection/generalization_ratio": 0.9944325298316437, "selection/best_epoch": 10.0, "selection/stop_epoch": 10.0, "selection/early_stopped": 0.0, "tune/status/train": 1.0, "tune/status/eval": 1.0, "tune/best_epoch": 10.0, "tune/start_epoch": 0.0, "tune/stop_epoch": 10.0, "tune/epochs_planned": 10.0, "tune/train_loss_last": 0.6655486709666703, "tune/train_elapsed_sec": 235.80547251697863, "tune/early_stopped": 0.0, "tune/resumed": 0.0, "tune/epoch_utilization": 1.0, "tune/fold_index": 1.0, "_wandb": {"runtime": 244}}