{"train/loss": 0.8337020162703856, "val/loss": 0.2066112102142402, "val/macro_f1": 0.9154574290155351, "train/lr": 2.5750000000000016e-05, "_timestamp": 1772502431.3475332, "_runtime": 168.279235124588, "_step": 8, "train/best_epoch": 5.0, "train/best_val_macro_f1": 0.9395332431620921, "train/stop_epoch": 7.0, "train/early_stopped": 1.0, "train/resumed": 0.0, "train/elapsed_sec": 162.23885785002494, "selection/val_macro_f1": 0.9444827272091905, "selection/val_loss": 0.3766319698521069, "selection/fold_index": 0.0, "selection/score_proxy": 0.9444827272091905, "tune/val_macro_f1": 0.9444827272091905, "tune/val_loss": 0.3766319698521069, "selection/best_val_macro_f1": 0.9395332431620921, "tune/best_val_macro_f1": 0.9395332431620921, "selection/overfit_gap": -0.004949484047098385, "tune/overfit_gap": -0.004949484047098385, "selection/generalization_ratio": 1.005268024397349, "selection/best_epoch": 5.0, "selection/stop_epoch": 7.0, "selection/early_stopped": 1.0, "tune/status/train": 1.0, "tune/status/eval": 1.0, "tune/best_epoch": 5.0, "tune/start_epoch": 0.0, "tune/stop_epoch": 7.0, "tune/epochs_planned": 10.0, "tune/train_loss_last": 0.8337020162703856, "tune/train_elapsed_sec": 162.23885785002494, "tune/early_stopped": 1.0, "tune/resumed": 0.0, "tune/epoch_utilization": 0.7, "tune/fold_index": 0.0, "_wandb": {"runtime": 170}}