{"train/loss": 0.08492220261678943, "val/loss": 0.21591394394636154, "val/macro_f1": 0.9289401445877514, "train/lr": 5.909558479451306e-05, "_timestamp": 1772498023.3613544, "_runtime": 120.75895524024963, "_step": 6, "train/best_epoch": 3.0, "train/best_val_macro_f1": 0.9291638349820031, "train/stop_epoch": 5.0, "train/early_stopped": 1.0, "train/resumed": 0.0, "train/elapsed_sec": 115.01552812202135, "selection/val_macro_f1": 0.8993595391961716, "selection/val_loss": 0.2716226540505886, "selection/fold_index": 0.0, "selection/score_proxy": 0.8866139546745908, "tune/val_macro_f1": 0.8993595391961716, "tune/val_loss": 0.2716226540505886, "selection/best_val_macro_f1": 0.9291638349820031, "tune/best_val_macro_f1": 0.9291638349820031, "selection/overfit_gap": 0.029804295785831436, "tune/overfit_gap": 0.029804295785831436, "selection/generalization_ratio": 0.9679235300990716, "selection/best_epoch": 3.0, "selection/stop_epoch": 5.0, "selection/early_stopped": 1.0, "tune/status/train": 1.0, "tune/status/eval": 1.0, "tune/best_epoch": 3.0, "tune/start_epoch": 0.0, "tune/stop_epoch": 5.0, "tune/epochs_planned": 10.0, "tune/train_loss_last": 0.08492220261678943, "tune/train_elapsed_sec": 115.01552812202135, "tune/early_stopped": 1.0, "tune/resumed": 0.0, "tune/epoch_utilization": 0.5, "tune/fold_index": 0.0, "_wandb": {"runtime": 123}}