{"train/loss": 0.6467556343326029, "val/loss": 0.1523076378341232, "val/macro_f1": 0.9633460356502719, "train/lr": 0.00013, "_timestamp": 1772506110.8353739, "_runtime": 238.46606492996216, "_step": 11, "train/best_epoch": 10.0, "train/best_val_macro_f1": 0.9633460356502719, "train/stop_epoch": 10.0, "train/early_stopped": 0.0, "train/resumed": 0.0, "train/elapsed_sec": 233.06130241800565, "selection/val_macro_f1": 0.9456803360925886, "selection/val_loss": 0.3026882080095155, "selection/fold_index": 0.0, "selection/score_proxy": 0.9456803360925886, "tune/val_macro_f1": 0.9456803360925886, "tune/val_loss": 0.3026882080095155, "selection/best_val_macro_f1": 0.9633460356502719, "tune/best_val_macro_f1": 0.9633460356502719, "selection/overfit_gap": 0.017665699557683268, "tune/overfit_gap": 0.017665699557683268, "selection/generalization_ratio": 0.9816621453725517, "selection/best_epoch": 10.0, "selection/stop_epoch": 10.0, "selection/early_stopped": 0.0, "tune/status/train": 1.0, "tune/status/eval": 1.0, "tune/best_epoch": 10.0, "tune/start_epoch": 0.0, "tune/stop_epoch": 10.0, "tune/epochs_planned": 10.0, "tune/train_loss_last": 0.6467556343326029, "tune/train_elapsed_sec": 233.06130241800565, "tune/early_stopped": 0.0, "tune/resumed": 0.0, "tune/epoch_utilization": 1.0, "tune/fold_index": 0.0, "_wandb": {"runtime": 241}}