{
  "node": "eval",
  "status": "completed",
  "macro_f1": 0.8696474116601344,
  "val/macro_f1": 0.8696474116601344,
  "val/loss": 0.49147604405879974,
  "selection/overfit_gap": 0.0993581869614315,
  "n_val": 314
}