{"train/loss": 0.022953309022101027, "val/loss": 0.13894281652756035, "val/macro_f1": 0.9434948684252423, "train/lr": 0.0001, "_timestamp": 1772500298.6637032, "_runtime": 191.97597122192383, "_step": 9, "train/best_epoch": 6.0, "train/best_val_macro_f1": 0.9606677881163125, "train/stop_epoch": 8.0, "train/early_stopped": 1.0, "train/resumed": 0.0, "train/elapsed_sec": 185.75963160698302, "selection/val_macro_f1": 0.9415163521559962, "selection/val_loss": 0.1766204359009862, "selection/fold_index": 1.0, "selection/score_proxy": 0.9415163521559962, "tune/val_macro_f1": 0.9415163521559962, "tune/val_loss": 0.1766204359009862, "selection/best_val_macro_f1": 0.9606677881163125, "tune/best_val_macro_f1": 0.9606677881163125, "selection/overfit_gap": 0.01915143596031632, "tune/overfit_gap": 0.01915143596031632, "selection/generalization_ratio": 0.980064454958078, "selection/best_epoch": 6.0, "selection/stop_epoch": 8.0, "selection/early_stopped": 1.0, "tune/status/train": 1.0, "tune/status/eval": 1.0, "tune/best_epoch": 6.0, "tune/start_epoch": 0.0, "tune/stop_epoch": 8.0, "tune/epochs_planned": 10.0, "tune/train_loss_last": 0.022953309022101027, "tune/train_elapsed_sec": 185.75963160698302, "tune/early_stopped": 1.0, "tune/resumed": 0.0, "tune/epoch_utilization": 0.8, "tune/fold_index": 1.0, "_wandb": {"runtime": 194}}