{"train/loss": 0.6165177600001389, "val/loss": 0.13780459309262888, "val/macro_f1": 0.9527916766946104, "train/lr": 1e-06, "_timestamp": 1772505613.7430165, "_runtime": 240.21624040603638, "_step": 11, "train/best_epoch": 10.0, "train/best_val_macro_f1": 0.9527916766946104, "train/stop_epoch": 10.0, "train/early_stopped": 0.0, "train/resumed": 0.0, "train/elapsed_sec": 234.152036976011, "selection/val_macro_f1": 0.9337647621676542, "selection/val_loss": 0.3799916218434061, "selection/fold_index": 0.0, "selection/score_proxy": 0.9337647621676542, "tune/val_macro_f1": 0.9337647621676542, "tune/val_loss": 0.3799916218434061, "selection/best_val_macro_f1": 0.9527916766946104, "tune/best_val_macro_f1": 0.9527916766946104, "selection/overfit_gap": 0.01902691452695615, "tune/overfit_gap": 0.01902691452695615, "selection/generalization_ratio": 0.9800303518677204, "selection/best_epoch": 10.0, "selection/stop_epoch": 10.0, "selection/early_stopped": 0.0, "tune/status/train": 1.0, "tune/status/eval": 1.0, "tune/best_epoch": 10.0, "tune/start_epoch": 0.0, "tune/stop_epoch": 10.0, "tune/epochs_planned": 10.0, "tune/train_loss_last": 0.6165177600001389, "tune/train_elapsed_sec": 234.152036976011, "tune/early_stopped": 0.0, "tune/resumed": 0.0, "tune/epoch_utilization": 1.0, "tune/fold_index": 0.0, "_wandb": {"runtime": 242}}