{
  "node": "eval",
  "status": "completed",
  "macro_f1": 0.9189956878347193,
  "val/macro_f1": 0.9189956878347193,
  "val/loss": 0.2086451825286661,
  "selection/overfit_gap": 0.025495369037973226,
  "n_val": 314
}