{"train/loss": 0.734910046576329, "val/loss": 0.17974902210491045, "val/macro_f1": 0.96221322537112, "train/lr": 0.00013, "_timestamp": 1772509810.4622695, "_runtime": 191.9797966480255, "_step": 9, "train/best_epoch": 6.0, "train/best_val_macro_f1": 0.9715849550725018, "train/stop_epoch": 8.0, "train/early_stopped": 1.0, "train/resumed": 0.0, "train/elapsed_sec": 186.21624322101707, "selection/val_macro_f1": 0.8331895431252374, "selection/val_loss": 0.6689717663185937, "selection/fold_index": 1.0, "selection/score_proxy": 0.6792755075937937, "tune/val_macro_f1": 0.8331895431252374, "tune/val_loss": 0.6689717663185937, "selection/best_val_macro_f1": 0.9715849550725018, "tune/best_val_macro_f1": 0.9715849550725018, "selection/overfit_gap": 0.13839541194726435, "tune/overfit_gap": 0.13839541194726435, "selection/generalization_ratio": 0.8575570656742653, "selection/best_epoch": 6.0, "selection/stop_epoch": 8.0, "selection/early_stopped": 1.0, "tune/status/train": 1.0, "tune/status/eval": 1.0, "tune/best_epoch": 6.0, "tune/start_epoch": 0.0, "tune/stop_epoch": 8.0, "tune/epochs_planned": 10.0, "tune/train_loss_last": 0.734910046576329, "tune/train_elapsed_sec": 186.21624322101707, "tune/early_stopped": 1.0, "tune/resumed": 0.0, "tune/epoch_utilization": 0.8, "tune/fold_index": 1.0, "_wandb": {"runtime": 193}}