{"train/loss": 0.638385442489723, "val/loss": 0.16521296264337643, "val/macro_f1": 0.9404699642240286, "train/lr": 0.00013, "_timestamp": 1772508690.0169036, "_runtime": 240.47143459320068, "_step": 11, "train/best_epoch": 9.0, "train/best_val_macro_f1": 0.9584814154303823, "train/stop_epoch": 10.0, "train/early_stopped": 0.0, "train/resumed": 0.0, "train/elapsed_sec": 234.9098969810293, "selection/val_macro_f1": 0.8757090923942692, "selection/val_loss": 0.4780676620347159, "selection/fold_index": 0.0, "selection/score_proxy": 0.7941050724473221, "tune/val_macro_f1": 0.8757090923942692, "tune/val_loss": 0.4780676620347159, "selection/best_val_macro_f1": 0.9584814154303823, "tune/best_val_macro_f1": 0.9584814154303823, "selection/overfit_gap": 0.08277232303611315, "tune/overfit_gap": 0.08277232303611315, "selection/generalization_ratio": 0.9136422243524187, "selection/best_epoch": 9.0, "selection/stop_epoch": 10.0, "selection/early_stopped": 0.0, "tune/status/train": 1.0, "tune/status/eval": 1.0, "tune/best_epoch": 9.0, "tune/start_epoch": 0.0, "tune/stop_epoch": 10.0, "tune/epochs_planned": 10.0, "tune/train_loss_last": 0.638385442489723, "tune/train_elapsed_sec": 234.9098969810293, "tune/early_stopped": 0.0, "tune/resumed": 0.0, "tune/epoch_utilization": 1.0, "tune/fold_index": 0.0, "_wandb": {"runtime": 242}}