{"train/loss": 0.8059305250644684, "val/loss": 0.1929587833583355, "val/macro_f1": 0.9236633189861311, "train/lr": 3.3250000000000015e-05, "_timestamp": 1772509117.8327425, "_runtime": 169.7439444065094, "_step": 8, "train/best_epoch": 5.0, "train/best_val_macro_f1": 0.9400963259598264, "train/stop_epoch": 7.0, "train/early_stopped": 1.0, "train/resumed": 0.0, "train/elapsed_sec": 162.62302661401918, "selection/val_macro_f1": 0.9396136938041901, "selection/val_loss": 0.3193972355553082, "selection/fold_index": 0.0, "selection/score_proxy": 0.9396136938041901, "tune/val_macro_f1": 0.9396136938041901, "tune/val_loss": 0.3193972355553082, "selection/best_val_macro_f1": 0.9400963259598264, "tune/best_val_macro_f1": 0.9400963259598264, "selection/overfit_gap": 0.0004826321556362645, "tune/overfit_gap": 0.0004826321556362645, "selection/generalization_ratio": 0.9994866141454776, "selection/best_epoch": 5.0, "selection/stop_epoch": 7.0, "selection/early_stopped": 1.0, "tune/status/train": 1.0, "tune/status/eval": 1.0, "tune/best_epoch": 5.0, "tune/start_epoch": 0.0, "tune/stop_epoch": 7.0, "tune/epochs_planned": 10.0, "tune/train_loss_last": 0.8059305250644684, "tune/train_elapsed_sec": 162.62302661401918, "tune/early_stopped": 1.0, "tune/resumed": 0.0, "tune/epoch_utilization": 0.7, "tune/fold_index": 0.0, "_wandb": {"runtime": 171}}