{"train/loss": 0.06426128970880834, "val/loss": 0.19451221810387714, "val/macro_f1": 0.9340824924765935, "train/lr": 0.00013, "_timestamp": 1772504292.3104281, "_runtime": 121.45553302764893, "_step": 6, "train/best_epoch": 3.0, "train/best_val_macro_f1": 0.9421391653500576, "train/stop_epoch": 5.0, "train/early_stopped": 1.0, "train/resumed": 0.0, "train/elapsed_sec": 115.77564556105062, "selection/val_macro_f1": 0.9183687109966698, "selection/val_loss": 0.22715283451335772, "selection/fold_index": 0.0, "selection/score_proxy": 0.9134671203372657, "tune/val_macro_f1": 0.9183687109966698, "tune/val_loss": 0.22715283451335772, "selection/best_val_macro_f1": 0.9421391653500576, "tune/best_val_macro_f1": 0.9421391653500576, "selection/overfit_gap": 0.02377045435338776, "tune/overfit_gap": 0.02377045435338776, "selection/generalization_ratio": 0.9747696993951465, "selection/best_epoch": 3.0, "selection/stop_epoch": 5.0, "selection/early_stopped": 1.0, "tune/status/train": 1.0, "tune/status/eval": 1.0, "tune/best_epoch": 3.0, "tune/start_epoch": 0.0, "tune/stop_epoch": 5.0, "tune/epochs_planned": 10.0, "tune/train_loss_last": 0.06426128970880834, "tune/train_elapsed_sec": 115.77564556105062, "tune/early_stopped": 1.0, "tune/resumed": 0.0, "tune/epoch_utilization": 0.5, "tune/fold_index": 0.0, "_wandb": {"runtime": 123}}