{"train/loss": 0.7728570151441502, "val/loss": 0.16149284850273812, "val/macro_f1": 0.9518931710615282, "train/lr": 3.985215271097539e-06, "_timestamp": 1772502656.7215197, "_runtime": 216.2016167640686, "_step": 10, "train/best_epoch": 7.0, "train/best_val_macro_f1": 0.9514842078768817, "train/stop_epoch": 9.0, "train/early_stopped": 1.0, "train/resumed": 0.0, "train/elapsed_sec": 209.83216396096395, "selection/val_macro_f1": 0.9023536352080238, "selection/val_loss": 0.33753265014716555, "selection/fold_index": 1.0, "selection/score_proxy": 0.8644838907385085, "tune/val_macro_f1": 0.9023536352080238, "tune/val_loss": 0.33753265014716555, "selection/best_val_macro_f1": 0.9514842078768817, "tune/best_val_macro_f1": 0.9514842078768817, "selection/overfit_gap": 0.0491305726688579, "tune/overfit_gap": 0.0491305726688579, "selection/generalization_ratio": 0.9483642794466483, "selection/best_epoch": 7.0, "selection/stop_epoch": 9.0, "selection/early_stopped": 1.0, "tune/status/train": 1.0, "tune/status/eval": 1.0, "tune/best_epoch": 7.0, "tune/start_epoch": 0.0, "tune/stop_epoch": 9.0, "tune/epochs_planned": 10.0, "tune/train_loss_last": 0.7728570151441502, "tune/train_elapsed_sec": 209.83216396096395, "tune/early_stopped": 1.0, "tune/resumed": 0.0, "tune/epoch_utilization": 0.9, "tune/fold_index": 1.0, "_wandb": {"runtime": 218}}