{"train/loss": 0.9123245190899327, "val/loss": 0.29140117338725496, "val/macro_f1": 0.9021983390929931, "train/lr": 0.0001, "_timestamp": 1772499270.8054001, "_runtime": 122.6133770942688, "_step": 6, "train/best_epoch": 3.0, "train/best_val_macro_f1": 0.9047615132045298, "train/stop_epoch": 5.0, "train/early_stopped": 1.0, "train/resumed": 0.0, "train/elapsed_sec": 116.75160705304006, "selection/val_macro_f1": 0.8692650519408051, "selection/val_loss": 0.5157500824757985, "selection/fold_index": 0.0, "selection/score_proxy": 0.8491196522979629, "tune/val_macro_f1": 0.8692650519408051, "tune/val_loss": 0.5157500824757985, "selection/best_val_macro_f1": 0.9047615132045298, "tune/best_val_macro_f1": 0.9047615132045298, "selection/overfit_gap": 0.03549646126372474, "tune/overfit_gap": 0.03549646126372474, "selection/generalization_ratio": 0.9607670521505699, "selection/best_epoch": 3.0, "selection/stop_epoch": 5.0, "selection/early_stopped": 1.0, "tune/status/train": 1.0, "tune/status/eval": 1.0, "tune/best_epoch": 3.0, "tune/start_epoch": 0.0, "tune/stop_epoch": 5.0, "tune/epochs_planned": 10.0, "tune/train_loss_last": 0.9123245190899327, "tune/train_elapsed_sec": 116.75160705304006, "tune/early_stopped": 1.0, "tune/resumed": 0.0, "tune/epoch_utilization": 0.5, "tune/fold_index": 0.0, "_wandb": {"runtime": 124}}