{
  "node": "eval",
  "status": "completed",
  "macro_f1": 0.9404647526302979,
  "val/macro_f1": 0.9404647526302979,
  "val/loss": 0.1681096125394106,
  "selection/overfit_gap": 0.016526674509293016,
  "n_val": 314
}