{"train/loss": 0.006224138574358428, "val/loss": 0.07223028829321265, "val/macro_f1": 0.9721623373086454, "train/lr": 1e-06, "_timestamp": 1772507552.9668465, "_runtime": 239.06259536743164, "_step": 11, "train/best_epoch": 9.0, "train/best_val_macro_f1": 0.9755733247990707, "train/stop_epoch": 10.0, "train/early_stopped": 0.0, "train/resumed": 0.0, "train/elapsed_sec": 233.41417724697385, "selection/val_macro_f1": 0.9747780083693397, "selection/val_loss": 0.09193108310656888, "selection/fold_index": 1.0, "selection/score_proxy": 0.9747780083693397, "tune/val_macro_f1": 0.9747780083693397, "tune/val_loss": 0.09193108310656888, "selection/best_val_macro_f1": 0.9755733247990707, "tune/best_val_macro_f1": 0.9755733247990707, "selection/overfit_gap": 0.0007953164297309634, "tune/overfit_gap": 0.0007953164297309634, "selection/generalization_ratio": 0.9991847702171492, "selection/best_epoch": 9.0, "selection/stop_epoch": 10.0, "selection/early_stopped": 0.0, "tune/status/train": 1.0, "tune/status/eval": 1.0, "tune/best_epoch": 9.0, "tune/start_epoch": 0.0, "tune/stop_epoch": 10.0, "tune/epochs_planned": 10.0, "tune/train_loss_last": 0.006224138574358428, "tune/train_elapsed_sec": 233.41417724697385, "tune/early_stopped": 0.0, "tune/resumed": 0.0, "tune/epoch_utilization": 1.0, "tune/fold_index": 1.0, "_wandb": {"runtime": 241}}