{
  "node": "eval",
  "status": "completed",
  "macro_f1": 0.9456803360925886,
  "val/macro_f1": 0.9456803360925886,
  "val/loss": 0.3026882080095155,
  "selection/overfit_gap": 0.017665699557683268,
  "n_val": 314
}