{"train/loss": 0.7135661548038699, "val/loss": 0.15813556739262172, "val/macro_f1": 0.9364645827141286, "train/lr": 1.6090133418825928e-05, "_timestamp": 1772506512.3350873, "_runtime": 192.7459201812744, "_step": 9, "train/best_epoch": 6.0, "train/best_val_macro_f1": 0.9640274621721995, "train/stop_epoch": 8.0, "train/early_stopped": 1.0, "train/resumed": 0.0, "train/elapsed_sec": 187.06649394298438, "selection/val_macro_f1": 0.9162927081148028, "selection/val_loss": 0.3603439810020583, "selection/fold_index": 0.0, "selection/score_proxy": 0.880237527840187, "tune/val_macro_f1": 0.9162927081148028, "tune/val_loss": 0.3603439810020583, "selection/best_val_macro_f1": 0.9640274621721995, "tune/best_val_macro_f1": 0.9640274621721995, "selection/overfit_gap": 0.04773475405739669, "tune/overfit_gap": 0.04773475405739669, "selection/generalization_ratio": 0.950484030869994, "selection/best_epoch": 6.0, "selection/stop_epoch": 8.0, "selection/early_stopped": 1.0, "tune/status/train": 1.0, "tune/status/eval": 1.0, "tune/best_epoch": 6.0, "tune/start_epoch": 0.0, "tune/stop_epoch": 8.0, "tune/epochs_planned": 10.0, "tune/train_loss_last": 0.7135661548038699, "tune/train_elapsed_sec": 187.06649394298438, "tune/early_stopped": 1.0, "tune/resumed": 0.0, "tune/epoch_utilization": 0.8, "tune/fold_index": 0.0, "_wandb": {"runtime": 194}}