{"train/loss": 0.7390651733807798, "val/loss": 0.17550675544355596, "val/macro_f1": 0.9432770275380177, "train/lr": 1.2580800065610596e-05, "_timestamp": 1772503308.3760023, "_runtime": 192.67962336540222, "_step": 9, "train/best_epoch": 6.0, "train/best_val_macro_f1": 0.9514797593452659, "train/stop_epoch": 8.0, "train/early_stopped": 1.0, "train/resumed": 0.0, "train/elapsed_sec": 186.8839031989919, "selection/val_macro_f1": 0.8454576821489469, "selection/val_loss": 0.602545114500182, "selection/fold_index": 0.0, "selection/score_proxy": 0.7336289817937323, "tune/val_macro_f1": 0.8454576821489469, "tune/val_loss": 0.602545114500182, "selection/best_val_macro_f1": 0.9514797593452659, "tune/best_val_macro_f1": 0.9514797593452659, "selection/overfit_gap": 0.10602207719631895, "tune/overfit_gap": 0.10602207719631895, "selection/generalization_ratio": 0.888571379312078, "selection/best_epoch": 6.0, "selection/stop_epoch": 8.0, "selection/early_stopped": 1.0, "tune/status/train": 1.0, "tune/status/eval": 1.0, "tune/best_epoch": 6.0, "tune/start_epoch": 0.0, "tune/stop_epoch": 8.0, "tune/epochs_planned": 10.0, "tune/train_loss_last": 0.7390651733807798, "tune/train_elapsed_sec": 186.8839031989919, "tune/early_stopped": 1.0, "tune/resumed": 0.0, "tune/epoch_utilization": 0.8, "tune/fold_index": 0.0, "_wandb": {"runtime": 194}}