{"train/loss": 0.009844351217220977, "val/loss": 0.13277279904910497, "val/macro_f1": 0.9560088166405883, "train/lr": 4.889825959308914e-06, "_timestamp": 1772504009.045057, "_runtime": 212.81372809410095, "_step": 10, "train/best_epoch": 7.0, "train/best_val_macro_f1": 0.9559278982451542, "train/stop_epoch": 9.0, "train/early_stopped": 1.0, "train/resumed": 0.0, "train/elapsed_sec": 207.25553307897644, "selection/val_macro_f1": 0.9411678486151648, "selection/val_loss": 0.18243861304862158, "selection/fold_index": 0.0, "selection/score_proxy": 0.9411678486151648, "tune/val_macro_f1": 0.9411678486151648, "tune/val_loss": 0.18243861304862158, "selection/best_val_macro_f1": 0.9559278982451542, "tune/best_val_macro_f1": 0.9559278982451542, "selection/overfit_gap": 0.014760049629989447, "tune/overfit_gap": 0.014760049629989447, "selection/generalization_ratio": 0.9845594530120052, "selection/best_epoch": 7.0, "selection/stop_epoch": 9.0, "selection/early_stopped": 1.0, "tune/status/train": 1.0, "tune/status/eval": 1.0, "tune/best_epoch": 7.0, "tune/start_epoch": 0.0, "tune/stop_epoch": 9.0, "tune/epochs_planned": 10.0, "tune/train_loss_last": 0.009844351217220977, "tune/train_elapsed_sec": 207.25553307897644, "tune/early_stopped": 1.0, "tune/resumed": 0.0, "tune/epoch_utilization": 0.9, "tune/fold_index": 0.0, "_wandb": {"runtime": 215}}