{"train/loss": 0.6379839935392704, "val/loss": 0.14115622879139014, "val/macro_f1": 0.9474871331800915, "train/lr": 1e-06, "_timestamp": 1772509364.4340608, "_runtime": 238.51770782470703, "_step": 11, "train/best_epoch": 8.0, "train/best_val_macro_f1": 0.953487969023108, "train/stop_epoch": 10.0, "train/early_stopped": 1.0, "train/resumed": 0.0, "train/elapsed_sec": 233.11245052801678, "selection/val_macro_f1": 0.931597445533887, "selection/val_loss": 0.28914957280669895, "selection/fold_index": 1.0, "selection/score_proxy": 0.9291397649978997, "tune/val_macro_f1": 0.931597445533887, "tune/val_loss": 0.28914957280669895, "selection/best_val_macro_f1": 0.953487969023108, "tune/best_val_macro_f1": 0.953487969023108, "selection/overfit_gap": 0.021890523489220937, "tune/overfit_gap": 0.021890523489220937, "selection/generalization_ratio": 0.9770416363914389, "selection/best_epoch": 8.0, "selection/stop_epoch": 10.0, "selection/early_stopped": 1.0, "tune/status/train": 1.0, "tune/status/eval": 1.0, "tune/best_epoch": 8.0, "tune/start_epoch": 0.0, "tune/stop_epoch": 10.0, "tune/epochs_planned": 10.0, "tune/train_loss_last": 0.6379839935392704, "tune/train_elapsed_sec": 233.11245052801678, "tune/early_stopped": 1.0, "tune/resumed": 0.0, "tune/epoch_utilization": 1.0, "tune/fold_index": 1.0, "_wandb": {"runtime": 240}}