{
  "node": "eval",
  "status": "completed",
  "macro_f1": 0.9438823809698988,
  "val/macro_f1": 0.9438823809698988,
  "val/loss": 0.27857963527951923,
  "selection/overfit_gap": -0.0010778689064159241,
  "n_val": 314
}