{"train/loss": 0.6391849912843615, "val/loss": 0.10135495197027922, "val/macro_f1": 0.9701638231049996, "train/lr": 0.00013, "_timestamp": 1772508940.0633187, "_runtime": 242.62400078773499, "_step": 11, "train/best_epoch": 9.0, "train/best_val_macro_f1": 0.978959188428342, "train/stop_epoch": 10.0, "train/early_stopped": 0.0, "train/resumed": 0.0, "train/elapsed_sec": 236.69856734300265, "selection/val_macro_f1": 0.9245945548490913, "selection/val_loss": 0.38348203152418137, "selection/fold_index": 1.0, "selection/score_proxy": 0.8799205311960654, "tune/val_macro_f1": 0.9245945548490913, "tune/val_loss": 0.38348203152418137, "selection/best_val_macro_f1": 0.978959188428342, "tune/best_val_macro_f1": 0.978959188428342, "selection/overfit_gap": 0.0543646335792507, "tune/overfit_gap": 0.0543646335792507, "selection/generalization_ratio": 0.9444669050335697, "selection/best_epoch": 9.0, "selection/stop_epoch": 10.0, "selection/early_stopped": 0.0, "tune/status/train": 1.0, "tune/status/eval": 1.0, "tune/best_epoch": 9.0, "tune/start_epoch": 0.0, "tune/stop_epoch": 10.0, "tune/epochs_planned": 10.0, "tune/train_loss_last": 0.6391849912843615, "tune/train_elapsed_sec": 236.69856734300265, "tune/early_stopped": 0.0, "tune/resumed": 0.0, "tune/epoch_utilization": 1.0, "tune/fold_index": 1.0, "_wandb": {"runtime": 245}}