{"train/loss": 0.023256065301983705, "val/loss": 0.15465506678447127, "val/macro_f1": 0.9500963239992577, "train/lr": 3.3250000000000015e-05, "_timestamp": 1772507306.086684, "_runtime": 167.20357990264893, "_step": 8, "train/best_epoch": 5.0, "train/best_val_macro_f1": 0.9510656258065057, "train/stop_epoch": 7.0, "train/early_stopped": 1.0, "train/resumed": 0.0, "train/elapsed_sec": 161.5272337620263, "selection/val_macro_f1": 0.9229123161183104, "selection/val_loss": 0.22360610030591488, "selection/fold_index": 0.0, "selection/score_proxy": 0.9123130135236565, "tune/val_macro_f1": 0.9229123161183104, "tune/val_loss": 0.22360610030591488, "selection/best_val_macro_f1": 0.9510656258065057, "tune/best_val_macro_f1": 0.9510656258065057, "selection/overfit_gap": 0.028153309688195294, "tune/overfit_gap": 0.028153309688195294, "selection/generalization_ratio": 0.9703981419112679, "selection/best_epoch": 5.0, "selection/stop_epoch": 7.0, "selection/early_stopped": 1.0, "tune/status/train": 1.0, "tune/status/eval": 1.0, "tune/best_epoch": 5.0, "tune/start_epoch": 0.0, "tune/stop_epoch": 7.0, "tune/epochs_planned": 10.0, "tune/train_loss_last": 0.023256065301983705, "tune/train_elapsed_sec": 161.5272337620263, "tune/early_stopped": 1.0, "tune/resumed": 0.0, "tune/epoch_utilization": 0.7, "tune/fold_index": 0.0, "_wandb": {"runtime": 169}}