{"train/loss": 0.6336819529533386, "val/loss": 0.12721840159169265, "val/macro_f1": 0.9615079813000422, "train/lr": 1e-06, "_timestamp": 1772505864.64424, "_runtime": 243.18418979644775, "_step": 11, "train/best_epoch": 9.0, "train/best_val_macro_f1": 0.963461943917352, "train/stop_epoch": 10.0, "train/early_stopped": 0.0, "train/resumed": 0.0, "train/elapsed_sec": 237.4996242329944, "selection/val_macro_f1": 0.9393415358033305, "selection/val_loss": 0.2802339036549841, "selection/fold_index": 1.0, "selection/score_proxy": 0.9339850052551025, "tune/val_macro_f1": 0.9393415358033305, "tune/val_loss": 0.2802339036549841, "selection/best_val_macro_f1": 0.963461943917352, "tune/best_val_macro_f1": 0.963461943917352, "selection/overfit_gap": 0.024120408114021497, "tune/overfit_gap": 0.024120408114021497, "selection/generalization_ratio": 0.9749648564052774, "selection/best_epoch": 9.0, "selection/stop_epoch": 10.0, "selection/early_stopped": 0.0, "tune/status/train": 1.0, "tune/status/eval": 1.0, "tune/best_epoch": 9.0, "tune/start_epoch": 0.0, "tune/stop_epoch": 10.0, "tune/epochs_planned": 10.0, "tune/train_loss_last": 0.6336819529533386, "tune/train_elapsed_sec": 237.4996242329944, "tune/early_stopped": 0.0, "tune/resumed": 0.0, "tune/epoch_utilization": 1.0, "tune/fold_index": 1.0, "_wandb": {"runtime": 245}}