{"train/loss": 0.044838412765870396, "val/loss": 0.12386605689035994, "val/macro_f1": 0.9443987488679023, "train/lr": 0.0001, "_timestamp": 1772497893.783777, "_runtime": 188.47968411445618, "_step": 9, "train/best_epoch": 6.0, "train/best_val_macro_f1": 0.9610799951279112, "train/stop_epoch": 8.0, "train/early_stopped": 1.0, "train/resumed": 0.0, "train/elapsed_sec": 182.95310902397614, "selection/val_macro_f1": 0.9618726142366879, "selection/val_loss": 0.10352833662182093, "selection/fold_index": 1.0, "selection/score_proxy": 0.9618726142366879, "tune/val_macro_f1": 0.9618726142366879, "tune/val_loss": 0.10352833662182093, "selection/best_val_macro_f1": 0.9610799951279112, "tune/best_val_macro_f1": 0.9610799951279112, "selection/overfit_gap": -0.0007926191087767043, "tune/overfit_gap": -0.0007926191087767043, "selection/generalization_ratio": 1.000824717102421, "selection/best_epoch": 6.0, "selection/stop_epoch": 8.0, "selection/early_stopped": 1.0, "tune/status/train": 1.0, "tune/status/eval": 1.0, "tune/best_epoch": 6.0, "tune/start_epoch": 0.0, "tune/stop_epoch": 8.0, "tune/epochs_planned": 10.0, "tune/train_loss_last": 0.044838412765870396, "tune/train_elapsed_sec": 182.95310902397614, "tune/early_stopped": 1.0, "tune/resumed": 0.0, "tune/epoch_utilization": 0.8, "tune/fold_index": 1.0, "_wandb": {"runtime": 190}}