{"train/loss": 0.7151675232738819, "val/loss": 0.15959323410476958, "val/macro_f1": 0.9389598394744674, "train/lr": 1.6090133418825928e-05, "_timestamp": 1772510012.2510965, "_runtime": 193.47374057769775, "_step": 9, "train/best_epoch": 6.0, "train/best_val_macro_f1": 0.944061034279482, "train/stop_epoch": 8.0, "train/early_stopped": 1.0, "train/resumed": 0.0, "train/elapsed_sec": 187.83743837301154, "selection/val_macro_f1": 0.9135806934750095, "selection/val_loss": 0.38189883317266193, "selection/fold_index": 0.0, "selection/score_proxy": 0.8999562504291952, "tune/val_macro_f1": 0.9135806934750095, "tune/val_loss": 0.38189883317266193, "selection/best_val_macro_f1": 0.944061034279482, "tune/best_val_macro_f1": 0.944061034279482, "selection/overfit_gap": 0.030480340804472483, "tune/overfit_gap": 0.030480340804472483, "selection/generalization_ratio": 0.9677135908614898, "selection/best_epoch": 6.0, "selection/stop_epoch": 8.0, "selection/early_stopped": 1.0, "tune/status/train": 1.0, "tune/status/eval": 1.0, "tune/best_epoch": 6.0, "tune/start_epoch": 0.0, "tune/stop_epoch": 8.0, "tune/epochs_planned": 10.0, "tune/train_loss_last": 0.7151675232738819, "tune/train_elapsed_sec": 187.83743837301154, "tune/early_stopped": 1.0, "tune/resumed": 0.0, "tune/epoch_utilization": 0.8, "tune/fold_index": 0.0, "_wandb": {"runtime": 196}}