{"train/loss": 0.7480121679463476, "val/loss": 0.15182328250791347, "val/macro_f1": 0.952679794938649, "train/lr": 0.00013, "_timestamp": 1772505365.452267, "_runtime": 192.55434703826904, "_step": 9, "train/best_epoch": 6.0, "train/best_val_macro_f1": 0.95262335292622, "train/stop_epoch": 8.0, "train/early_stopped": 1.0, "train/resumed": 0.0, "train/elapsed_sec": 186.794905251998, "selection/val_macro_f1": 0.8665908313946152, "selection/val_loss": 0.4001246318221092, "selection/fold_index": 1.0, "selection/score_proxy": 0.780748553403529, "tune/val_macro_f1": 0.8665908313946152, "tune/val_loss": 0.4001246318221092, "selection/best_val_macro_f1": 0.95262335292622, "tune/best_val_macro_f1": 0.95262335292622, "selection/overfit_gap": 0.08603252153160479, "tune/overfit_gap": 0.08603252153160479, "selection/generalization_ratio": 0.9096888384403611, "selection/best_epoch": 6.0, "selection/stop_epoch": 8.0, "selection/early_stopped": 1.0, "tune/status/train": 1.0, "tune/status/eval": 1.0, "tune/best_epoch": 6.0, "tune/start_epoch": 0.0, "tune/stop_epoch": 8.0, "tune/epochs_planned": 10.0, "tune/train_loss_last": 0.7480121679463476, "tune/train_elapsed_sec": 186.794905251998, "tune/early_stopped": 1.0, "tune/resumed": 0.0, "tune/epoch_utilization": 0.8, "tune/fold_index": 1.0, "_wandb": {"runtime": 194}}