{
  "node": "eval",
  "status": "completed",
  "macro_f1": 0.9445919603691635,
  "val/macro_f1": 0.9445919603691635,
  "val/loss": 0.20118641653763397,
  "selection/overfit_gap": 0.01135485528089153,
  "n_val": 314
}