{"train/loss": 0.07376766978886048, "val/loss": 0.2332733744489295, "val/macro_f1": 0.9157447581494776, "train/lr": 0.0001, "_timestamp": 1772496927.161141, "_runtime": 124.36137199401855, "_step": 6, "train/best_epoch": 3.0, "train/best_val_macro_f1": 0.9457927896957234, "train/stop_epoch": 5.0, "train/early_stopped": 1.0, "train/resumed": 0.0, "train/elapsed_sec": 118.78788215102395, "selection/val_macro_f1": 0.938928051566361, "selection/val_loss": 0.183811078114169, "selection/fold_index": 0.0, "selection/score_proxy": 0.938928051566361, "tune/val_macro_f1": 0.938928051566361, "tune/val_loss": 0.183811078114169, "selection/best_val_macro_f1": 0.9457927896957234, "tune/best_val_macro_f1": 0.9457927896957234, "selection/overfit_gap": 0.006864738129362391, "tune/overfit_gap": 0.006864738129362391, "selection/generalization_ratio": 0.9927418159620662, "selection/best_epoch": 3.0, "selection/stop_epoch": 5.0, "selection/early_stopped": 1.0, "tune/status/train": 1.0, "tune/status/eval": 1.0, "tune/best_epoch": 3.0, "tune/start_epoch": 0.0, "tune/stop_epoch": 5.0, "tune/epochs_planned": 10.0, "tune/train_loss_last": 0.07376766978886048, "tune/train_elapsed_sec": 118.78788215102395, "tune/early_stopped": 1.0, "tune/resumed": 0.0, "tune/epoch_utilization": 0.5, "tune/fold_index": 0.0, "_wandb": {"runtime": 126}}