{
  "node": "eval",
  "status": "completed",
  "macro_f1": 0.9336921273728905,
  "val/macro_f1": 0.9336921273728905,
  "val/loss": 0.2144863855625902,
  "selection/overfit_gap": 0.013500494257686513,
  "n_val": 314
}