{"train/loss": 0.07045879854188072, "val/loss": 0.13590461148747376, "val/macro_f1": 0.9402243269067474, "train/lr": 0.00013, "_timestamp": 1772503661.0947669, "_runtime": 121.70723295211792, "_step": 6, "train/best_epoch": 3.0, "train/best_val_macro_f1": 0.9437328232131091, "train/stop_epoch": 5.0, "train/early_stopped": 1.0, "train/resumed": 0.0, "train/elapsed_sec": 115.89005834399723, "selection/val_macro_f1": 0.9341148065396947, "selection/val_loss": 0.19433585820453508, "selection/fold_index": 0.0, "selection/score_proxy": 0.9341148065396947, "tune/val_macro_f1": 0.9341148065396947, "tune/val_loss": 0.19433585820453508, "selection/best_val_macro_f1": 0.9437328232131091, "tune/best_val_macro_f1": 0.9437328232131091, "selection/overfit_gap": 0.009618016673414442, "tune/overfit_gap": 0.009618016673414442, "selection/generalization_ratio": 0.9898085385642642, "selection/best_epoch": 3.0, "selection/stop_epoch": 5.0, "selection/early_stopped": 1.0, "tune/status/train": 1.0, "tune/status/eval": 1.0, "tune/best_epoch": 3.0, "tune/start_epoch": 0.0, "tune/stop_epoch": 5.0, "tune/epochs_planned": 10.0, "tune/train_loss_last": 0.07045879854188072, "tune/train_elapsed_sec": 115.89005834399723, "tune/early_stopped": 1.0, "tune/resumed": 0.0, "tune/epoch_utilization": 0.5, "tune/fold_index": 0.0, "_wandb": {"runtime": 124}}