{"train/loss": 0.6410100659671819, "val/loss": 0.14786320605448314, "val/macro_f1": 0.9580560991416954, "train/lr": 1e-06, "_timestamp": 1772506758.294518, "_runtime": 238.71795296669006, "_step": 11, "train/best_epoch": 9.0, "train/best_val_macro_f1": 0.9616778004768004, "train/stop_epoch": 10.0, "train/early_stopped": 0.0, "train/resumed": 0.0, "train/elapsed_sec": 233.28278160799528, "selection/val_macro_f1": 0.9372864950190767, "selection/val_loss": 0.319193925176348, "selection/fold_index": 1.0, "selection/score_proxy": 0.9315777979240358, "tune/val_macro_f1": 0.9372864950190767, "tune/val_loss": 0.319193925176348, "selection/best_val_macro_f1": 0.9616778004768004, "tune/best_val_macro_f1": 0.9616778004768004, "selection/overfit_gap": 0.024391305457723722, "tune/overfit_gap": 0.024391305457723722, "selection/generalization_ratio": 0.9746367177804973, "selection/best_epoch": 9.0, "selection/stop_epoch": 10.0, "selection/early_stopped": 0.0, "tune/status/train": 1.0, "tune/status/eval": 1.0, "tune/best_epoch": 9.0, "tune/start_epoch": 0.0, "tune/stop_epoch": 10.0, "tune/epochs_planned": 10.0, "tune/train_loss_last": 0.6410100659671819, "tune/train_elapsed_sec": 233.28278160799528, "tune/early_stopped": 0.0, "tune/resumed": 0.0, "tune/epoch_utilization": 1.0, "tune/fold_index": 1.0, "_wandb": {"runtime": 241}}