{"train/loss": 0.034143733976514275, "val/loss": 0.1629060356478606, "val/macro_f1": 0.9227127628972, "train/lr": 0.0001, "_timestamp": 1772497697.2643096, "_runtime": 166.55418753623962, "_step": 8, "train/best_epoch": 5.0, "train/best_val_macro_f1": 0.947192621630577, "train/stop_epoch": 7.0, "train/early_stopped": 1.0, "train/resumed": 0.0, "train/elapsed_sec": 160.43581830197945, "selection/val_macro_f1": 0.9336921273728905, "selection/val_loss": 0.2144863855625902, "selection/fold_index": 0.0, "selection/score_proxy": 0.9336921273728905, "tune/val_macro_f1": 0.9336921273728905, "tune/val_loss": 0.2144863855625902, "selection/best_val_macro_f1": 0.947192621630577, "tune/best_val_macro_f1": 0.947192621630577, "selection/overfit_gap": 0.013500494257686513, "tune/overfit_gap": 0.013500494257686513, "selection/generalization_ratio": 0.9857468333796291, "selection/best_epoch": 5.0, "selection/stop_epoch": 7.0, "selection/early_stopped": 1.0, "tune/status/train": 1.0, "tune/status/eval": 1.0, "tune/best_epoch": 5.0, "tune/start_epoch": 0.0, "tune/stop_epoch": 7.0, "tune/epochs_planned": 10.0, "tune/train_loss_last": 0.034143733976514275, "tune/train_elapsed_sec": 160.43581830197945, "tune/early_stopped": 1.0, "tune/resumed": 0.0, "tune/epoch_utilization": 0.7, "tune/fold_index": 0.0, "_wandb": {"runtime": 169}}