{
  "node": "eval",
  "status": "completed",
  "macro_f1": 0.931597445533887,
  "val/macro_f1": 0.931597445533887,
  "val/loss": 0.28914957280669895,
  "selection/overfit_gap": 0.021890523489220937,
  "n_val": 314
}