{"train/loss": 0.010286025386655106, "val/loss": 0.10304107523656317, "val/macro_f1": 0.9596644832845089, "train/lr": 1e-06, "_timestamp": 1772500793.4543087, "_runtime": 240.71042585372925, "_step": 11, "train/best_epoch": 8.0, "train/best_val_macro_f1": 0.9596644832845089, "train/stop_epoch": 10.0, "train/early_stopped": 1.0, "train/resumed": 0.0, "train/elapsed_sec": 235.03274606901687, "selection/val_macro_f1": 0.9529632974943705, "selection/val_loss": 0.11863905909870352, "selection/fold_index": 1.0, "selection/score_proxy": 0.9529632974943705, "tune/val_macro_f1": 0.9529632974943705, "tune/val_loss": 0.11863905909870352, "selection/best_val_macro_f1": 0.9596644832845089, "tune/best_val_macro_f1": 0.9596644832845089, "selection/overfit_gap": 0.006701185790138453, "tune/overfit_gap": 0.006701185790138453, "selection/generalization_ratio": 0.9930171576557639, "selection/best_epoch": 8.0, "selection/stop_epoch": 10.0, "selection/early_stopped": 1.0, "tune/status/train": 1.0, "tune/status/eval": 1.0, "tune/best_epoch": 8.0, "tune/start_epoch": 0.0, "tune/stop_epoch": 10.0, "tune/epochs_planned": 10.0, "tune/train_loss_last": 0.010286025386655106, "tune/train_elapsed_sec": 235.03274606901687, "tune/early_stopped": 1.0, "tune/resumed": 0.0, "tune/epoch_utilization": 1.0, "tune/fold_index": 1.0, "_wandb": {"runtime": 243}}