{"train/loss": 0.017545226731838413, "val/loss": 0.2293887571099081, "val/macro_f1": 0.9266730913850393, "train/lr": 0.0001, "_timestamp": 1772497146.6558747, "_runtime": 211.05203461647034, "_step": 10, "train/best_epoch": 7.0, "train/best_val_macro_f1": 0.9670622835615662, "train/stop_epoch": 9.0, "train/early_stopped": 1.0, "train/resumed": 0.0, "train/elapsed_sec": 205.77333662903402, "selection/val_macro_f1": 0.9540171799218217, "selection/val_loss": 0.16451330549482787, "selection/fold_index": 1.0, "selection/score_proxy": 0.9540171799218217, "tune/val_macro_f1": 0.9540171799218217, "tune/val_loss": 0.16451330549482787, "selection/best_val_macro_f1": 0.9670622835615662, "tune/best_val_macro_f1": 0.9670622835615662, "selection/overfit_gap": 0.013045103639744537, "tune/overfit_gap": 0.013045103639744537, "selection/generalization_ratio": 0.986510585862473, "selection/best_epoch": 7.0, "selection/stop_epoch": 9.0, "selection/early_stopped": 1.0, "tune/status/train": 1.0, "tune/status/eval": 1.0, "tune/best_epoch": 7.0, "tune/start_epoch": 0.0, "tune/stop_epoch": 9.0, "tune/epochs_planned": 10.0, "tune/train_loss_last": 0.017545226731838413, "tune/train_elapsed_sec": 205.77333662903402, "tune/early_stopped": 1.0, "tune/resumed": 0.0, "tune/epoch_utilization": 0.9, "tune/fold_index": 1.0, "_wandb": {"runtime": 213}}