{"train/loss": 0.7424682561519012, "val/loss": 0.18079957020069873, "val/macro_f1": 0.935034630115649, "train/lr": 1.2580800065610596e-05, "_timestamp": 1772499719.791476, "_runtime": 191.28213500976562, "_step": 9, "train/best_epoch": 6.0, "train/best_val_macro_f1": 0.9514354196270132, "train/stop_epoch": 8.0, "train/early_stopped": 1.0, "train/resumed": 0.0, "train/elapsed_sec": 185.9846768300049, "selection/val_macro_f1": 0.867084437887212, "selection/val_loss": 0.5672006543193545, "selection/fold_index": 0.0, "selection/score_proxy": 0.7834281616254705, "tune/val_macro_f1": 0.867084437887212, "tune/val_loss": 0.5672006543193545, "selection/best_val_macro_f1": 0.9514354196270132, "tune/best_val_macro_f1": 0.9514354196270132, "selection/overfit_gap": 0.08435098173980116, "tune/overfit_gap": 0.08435098173980116, "selection/generalization_ratio": 0.9113434501178558, "selection/best_epoch": 6.0, "selection/stop_epoch": 8.0, "selection/early_stopped": 1.0, "tune/status/train": 1.0, "tune/status/eval": 1.0, "tune/best_epoch": 6.0, "tune/start_epoch": 0.0, "tune/stop_epoch": 8.0, "tune/epochs_planned": 10.0, "tune/train_loss_last": 0.7424682561519012, "tune/train_elapsed_sec": 185.9846768300049, "tune/early_stopped": 1.0, "tune/resumed": 0.0, "tune/epoch_utilization": 0.8, "tune/fold_index": 0.0, "_wandb": {"runtime": 193}}