{"train/loss": 0.02393146358729112, "val/loss": 0.14764475258665957, "val/macro_f1": 0.9546272827689708, "train/lr": 0.00013, "_timestamp": 1772504493.0085752, "_runtime": 193.43549513816833, "_step": 9, "train/best_epoch": 6.0, "train/best_val_macro_f1": 0.9626168290894223, "train/stop_epoch": 8.0, "train/early_stopped": 1.0, "train/resumed": 0.0, "train/elapsed_sec": 187.3211920519825, "selection/val_macro_f1": 0.947117391880663, "selection/val_loss": 0.12156281134645854, "selection/fold_index": 1.0, "selection/score_proxy": 0.947117391880663, "tune/val_macro_f1": 0.947117391880663, "tune/val_loss": 0.12156281134645854, "selection/best_val_macro_f1": 0.9626168290894223, "tune/best_val_macro_f1": 0.9626168290894223, "selection/overfit_gap": 0.015499437208759237, "tune/overfit_gap": 0.015499437208759237, "selection/generalization_ratio": 0.9838986430110299, "selection/best_epoch": 6.0, "selection/stop_epoch": 8.0, "selection/early_stopped": 1.0, "tune/status/train": 1.0, "tune/status/eval": 1.0, "tune/best_epoch": 6.0, "tune/start_epoch": 0.0, "tune/stop_epoch": 8.0, "tune/epochs_planned": 10.0, "tune/train_loss_last": 0.02393146358729112, "tune/train_elapsed_sec": 187.3211920519825, "tune/early_stopped": 1.0, "tune/resumed": 0.0, "tune/epoch_utilization": 0.8, "tune/fold_index": 1.0, "_wandb": {"runtime": 196}}